# Host: localhost  (Version 5.5.5-10.1.36-MariaDB)
# Date: 2019-01-23 08:55:57
# Generator: MySQL-Front 6.1  (Build 1.26)


#
# Structure for table "category"
#

DROP TABLE IF EXISTS `category`;
CREATE TABLE `category` (
  `id` int(11) NOT NULL AUTO_INCREMENT,
  `parentid` int(11) NOT NULL,
  `title` varchar(30) COLLATE utf8mb4_unicode_ci NOT NULL,
  `keywords` varchar(255) COLLATE utf8mb4_unicode_ci NOT NULL,
  `description` varchar(255) COLLATE utf8mb4_unicode_ci NOT NULL,
  `status` varchar(10) COLLATE utf8mb4_unicode_ci DEFAULT NULL,
  PRIMARY KEY (`id`)
) ENGINE=InnoDB AUTO_INCREMENT=14 DEFAULT CHARSET=utf8mb4 COLLATE=utf8mb4_unicode_ci;

#
# Data for table "category"
#

INSERT INTO `category` VALUES (1,0,'OyuncakBebek','Bebek','Oyuncakbebek','True'),(2,0,'PeluşOyuncak','Peluş','Peluşoyuncak','True'),(3,2,'PeluşOyuncakAyıcık','Ayıcık','PeluşoyuncakAyıcık','True'),(4,1,'OyuncakBebekBarbie','Barbie','OyuncakbebekBarbie','True'),(5,0,'Puzzle','Puzzle','Puzzle','True'),(6,2,'PeluşOyuncakÇeşitleri','Çeşitleri','PeluşOyuncakÇeşitleri','True'),(7,5,'1000ParçaPuzzle','1000Parça','1000parçapuzzle','True'),(9,5,'AhşapPuzzle','Ahşap','Ahşappuzzle','True'),(10,1,'BezBebek','BezBebek','Bezbebek','True'),(11,0,'OyuncakAraba','Araba','Oyuncakaraba','True'),(12,11,'UzaktanKumandalıAraba','UzaktanKumandalı','Uzaktankumandalıaraba','True'),(13,11,'UzaktanKumandasızAraba','KumandasızAraba','Uzaktankumandasızaraba','True');

#
# Structure for table "image"
#

DROP TABLE IF EXISTS `image`;
CREATE TABLE `image` (
  `id` int(11) NOT NULL AUTO_INCREMENT,
  `product_id` int(11) DEFAULT NULL,
  `image` varchar(100) COLLATE utf8mb4_unicode_ci NOT NULL,
  PRIMARY KEY (`id`)
) ENGINE=InnoDB AUTO_INCREMENT=46 DEFAULT CHARSET=utf8mb4 COLLATE=utf8mb4_unicode_ci;

#
# Data for table "image"
#

INSERT INTO `image` VALUES (1,1,'barbie2.jpg'),(2,1,'barbie3.jpg'),(3,1,'077be03d1df929b9625ba959a70fd1d6.jpeg'),(4,1,'f1c25172f9f11b13b7a61ab98ed1959b.png'),(5,2,'5edf11c4535d859b0e7be58d2fdab6c2.jpeg'),(6,2,'93a2543acbfd0e8e0895224042a64609.png'),(7,4,'bb9c0aaf6489055fe4b5ad729aae5aef.jpeg'),(8,2,'f9c113c941c3233a643c21c2da5cb877.jpeg'),(9,5,'3d90d4d2c99f5b1754a63fc4aef4661a.jpeg'),(10,6,'b2e22da0a769ce956eea27e3425b89aa.jpeg'),(11,7,'e3e7c51a22fd17db0e39551507af3b2b.jpeg'),(12,8,'7273145f9e045c1ca7998598957cf8fd.jpeg'),(13,9,'4cc71eac01bff73243984ea2d9e14169.jpeg'),(14,9,'bee0b8e9e431dc585310347d2d195ee9.jpeg'),(15,10,'b41635f49ba8ce57bb320c14964eaf4e.jpeg'),(16,10,'c9780c62932389c3bfba196b28d2f44f.jpeg'),(17,11,'ab841634494745beda068fb443619396.jpeg'),(18,11,'95ea131f767b4736ee84b6a94b53ab28.jpeg'),(19,12,'78655c54382f5ef5a42ed386eee4c443.jpeg'),(20,13,'5475616466d2640c190b427537f19609.jpeg'),(21,14,'9f474d9d82018267b8fa6fcd5983c379.jpeg'),(22,15,'c149c54df4e5c2e4b46763e97ad05cd8.jpeg'),(23,16,'dbef46eae167b3237b1677cf580bde07.jpeg'),(24,17,'645edf85c685ba90e5cb07eee43955d2.jpeg'),(25,18,'26343b2d56cbc7da9af559b25f58e815.jpeg'),(26,19,'a65da7261a3d5e083b0725d5e5605ee0.jpeg'),(27,20,'78c5dabf90bfe948c28dd7cd4819c4e0.jpeg'),(28,21,'ae83eb82bd9f81fc2529b7312839edbf.jpeg'),(29,22,'da61178e6ad297b5581348b9f8a67b90.jpeg'),(30,23,'889e5d2f6bc429b8cdf0a64b2f12cf3d.jpeg'),(31,24,'35a2d3a2d50093b17ec52bb36d57c953.jpeg'),(32,29,'407ec6d2ea48b76d3d6d4ba20ab34d7c.jpeg'),(33,30,'87d7a99741f367f203d4306efa31df2b.jpeg'),(34,31,'8d7b2b9a3946fc710cee1b3ad46bba4c.jpeg'),(35,32,'1e8a419b5ea54aa8be9de51e69cabac4.jpeg'),(36,33,'13fb03acf46e520822ceacf0c6737ed5.jpeg'),(37,34,'f506d4ff96ca12fabffd7f56a7ff8e26.jpeg'),(38,35,'6fc95ceb773dabb07df933d5492e89eb.jpeg'),(39,36,'fbf930f2bb8a447ee929075a8464202a.jpeg'),(40,37,'50e9efda2c9efb8ffe1cee3d19eb44d0.jpeg'),(41,38,'23f21bcb09f78acb38040321b2df2bfe.jpeg'),(42,39,'6277db330315efe684060eef0a4f756f.jpeg'),(43,40,'240670e63a483a62a9e126aac74b3ecb.jpeg'),(44,41,'28a5d8f558d7828960e9fcfda3f737a6.jpeg'),(45,43,'ceccae2a443bac83823ce18697070fef.jpeg');

#
# Structure for table "messages"
#

DROP TABLE IF EXISTS `messages`;
CREATE TABLE `messages` (
  `id` int(11) NOT NULL AUTO_INCREMENT,
  `name` varchar(20) COLLATE utf8mb4_unicode_ci DEFAULT NULL,
  `email` varchar(50) COLLATE utf8mb4_unicode_ci DEFAULT NULL,
  `subject` varchar(100) COLLATE utf8mb4_unicode_ci DEFAULT NULL,
  `message` varchar(255) COLLATE utf8mb4_unicode_ci DEFAULT NULL,
  `comment` varchar(100) COLLATE utf8mb4_unicode_ci DEFAULT NULL,
  `status` varchar(10) COLLATE utf8mb4_unicode_ci DEFAULT NULL,
  PRIMARY KEY (`id`)
) ENGINE=InnoDB AUTO_INCREMENT=6 DEFAULT CHARSET=utf8mb4 COLLATE=utf8mb4_unicode_ci;

#
# Data for table "messages"
#

INSERT INTO `messages` VALUES (1,'Tuğçe Yılmaz','tugce@gmail.com','Oyuncak','Oyuncaklar çok pahalı biraz indirin','İdari işlere bildirildi','Okundu'),(2,'Kadir Baran','kadir@gmail.com','OyuncakBebek','Oyuncak bebek barbienin saçları kopuyor',NULL,'Okundu'),(3,'Mete Baran','mete@gmail.com','OyuncakAyı','Kargo geç geldi',NULL,'Okundu'),(4,'Tuğrul Yılmaz','tugrul@gmail.com','OyuncakAraba','Uzaktan kumandalı araba bozuk geldi',NULL,NULL),(5,'Mete Baran','mete@gmail.com','akskdjdf','dcjdıufıf',NULL,'Okundu');

#
# Structure for table "migration_versions"
#

DROP TABLE IF EXISTS `migration_versions`;
CREATE TABLE `migration_versions` (
  `version` varchar(255) COLLATE utf8_unicode_ci NOT NULL,
  PRIMARY KEY (`version`)
) ENGINE=InnoDB DEFAULT CHARSET=utf8 COLLATE=utf8_unicode_ci;

#
# Data for table "migration_versions"
#

INSERT INTO `migration_versions` VALUES ('20181214201648'),('20181218210327'),('20181218223250'),('20181224193421'),('20181226172512'),('20190112091312'),('20190113150620'),('20190113214436'),('20190116111805'),('20190117122842');

#
# Structure for table "order_detail"
#

DROP TABLE IF EXISTS `order_detail`;
CREATE TABLE `order_detail` (
  `id` int(11) NOT NULL AUTO_INCREMENT,
  `orderid` int(11) DEFAULT NULL,
  `userid` int(11) DEFAULT NULL,
  `productid` int(11) DEFAULT NULL,
  `price` double DEFAULT NULL,
  `quantity` int(11) DEFAULT NULL,
  `amount` double DEFAULT NULL,
  `name` varchar(50) COLLATE utf8mb4_unicode_ci DEFAULT NULL,
  `status` varchar(15) COLLATE utf8mb4_unicode_ci DEFAULT NULL,
  PRIMARY KEY (`id`)
) ENGINE=InnoDB AUTO_INCREMENT=8 DEFAULT CHARSET=utf8mb4 COLLATE=utf8mb4_unicode_ci;

#
# Data for table "order_detail"
#

INSERT INTO `order_detail` VALUES (1,10,1,1,30,5,150,'OyuncakBebekBarbie','Ordered'),(2,10,1,1,30,3,90,'OyuncakBebekBarbie','Ordered'),(3,11,3,40,330,1,330,'HummerUzaktanKumandalıAraba','Ordered'),(4,11,3,42,330,1,330,'KabloKumandalıVinçOyunSeti','Ordered'),(5,11,3,14,170,1,170,'PeluşOyuncakAyıcık','Ordered'),(6,12,3,43,135,1,135,'FenerliKamyonUzaktanKumandasız','Ordered'),(7,13,3,38,347,1,347,'DamperliKamyonUzaktanKumandasızAraba','Ordered');

#
# Structure for table "orders"
#

DROP TABLE IF EXISTS `orders`;
CREATE TABLE `orders` (
  `id` int(11) NOT NULL AUTO_INCREMENT,
  `userid` int(11) DEFAULT NULL,
  `amount` double DEFAULT NULL,
  `name` varchar(30) COLLATE utf8mb4_unicode_ci DEFAULT NULL,
  `address` varchar(150) COLLATE utf8mb4_unicode_ci DEFAULT NULL,
  `city` varchar(15) COLLATE utf8mb4_unicode_ci DEFAULT NULL,
  `phone` varchar(15) COLLATE utf8mb4_unicode_ci DEFAULT NULL,
  `shipinfo` varchar(255) COLLATE utf8mb4_unicode_ci DEFAULT NULL,
  `status` varchar(15) COLLATE utf8mb4_unicode_ci DEFAULT NULL,
  `note` varchar(255) COLLATE utf8mb4_unicode_ci DEFAULT NULL,
  `created_at` timestamp NULL DEFAULT CURRENT_TIMESTAMP,
  `updated_at` timestamp NULL DEFAULT CURRENT_TIMESTAMP ON UPDATE CURRENT_TIMESTAMP,
  PRIMARY KEY (`id`)
) ENGINE=InnoDB AUTO_INCREMENT=14 DEFAULT CHARSET=utf8mb4 COLLATE=utf8mb4_unicode_ci;

#
# Data for table "orders"
#

INSERT INTO `orders` VALUES (10,1,240,'Tuğçe Yılmaz','Prospect PI / Brooklyn','New York','+25689345','                    ','Accepted','       3 gün sonra onaylanacak ürün yok !  ','2019-01-17 22:31:40','2019-01-18 05:05:08'),(11,3,830,'Kadir Baran','Okçu Sokak / Kızılay','Ankara','+86295341','  ','Inshipping','  ','2019-01-22 14:28:15','2019-01-22 16:23:38'),(12,3,135,'Kadir Baran','Okçu Sokak / Kızılay','Ankara','+86295341','    ','Cancelled','    ','2019-01-22 14:41:06','2019-01-22 22:30:57'),(13,3,347,'Kadir Baran','Okçu Sokak / Kızılay','Ankara','+86295341','  ','Cancelled','  ','2019-01-23 08:36:41','2019-01-23 08:37:08');

#
# Structure for table "product"
#

DROP TABLE IF EXISTS `product`;
CREATE TABLE `product` (
  `id` int(11) NOT NULL AUTO_INCREMENT,
  `title` varchar(150) COLLATE utf8mb4_unicode_ci DEFAULT NULL,
  `keywords` varchar(255) COLLATE utf8mb4_unicode_ci DEFAULT NULL,
  `description` varchar(255) COLLATE utf8mb4_unicode_ci DEFAULT NULL,
  `amount` int(11) DEFAULT NULL,
  `alisfiyati` double DEFAULT NULL,
  `satisfiyati` double DEFAULT NULL,
  `min` int(11) DEFAULT NULL,
  `detail` longtext COLLATE utf8mb4_unicode_ci,
  `image` varchar(150) COLLATE utf8mb4_unicode_ci DEFAULT NULL,
  `category_id` int(11) DEFAULT NULL,
  `status` varchar(10) COLLATE utf8mb4_unicode_ci DEFAULT NULL,
  `marka_id` int(11) DEFAULT NULL,
  `created_at` timestamp NULL DEFAULT CURRENT_TIMESTAMP,
  `updated_at` timestamp NULL DEFAULT CURRENT_TIMESTAMP ON UPDATE CURRENT_TIMESTAMP,
  PRIMARY KEY (`id`)
) ENGINE=InnoDB AUTO_INCREMENT=44 DEFAULT CHARSET=utf8mb4 COLLATE=utf8mb4_unicode_ci;

#
# Data for table "product"
#

INSERT INTO `product` VALUES (1,'OyuncakBebekBarbie','BarbieŞarkı','Şarkı Söyleyen Barbie',1500,20,30,NULL,'<p>&nbsp;</p>','barbie3.jpg',1,'True',NULL,'2019-01-22 06:13:58','2019-01-22 06:14:20'),(2,'PeluşOyuncakAyıcık','OyuncakAyı','Şapkalı Oturan Peluş Ayı',1200,100,140,NULL,'<figure class=\"table\"><table><tbody><tr><td><strong>Ürün Kodu</strong></td><td>:&nbsp;S00008356</td></tr><tr><td><strong>Marka</strong></td><td>:&nbsp;<a href=\"https://www.toyzzshop.com/marka/puffy-friends/4362\">Puffy Friends</a></td></tr><tr><td><strong>Üretim Yeri</strong></td><td>:&nbsp;Çin</td></tr><tr><td><strong>Yaş Aralığı</strong></td><td>:&nbsp;3 yaş ve üzeri</td></tr><tr><td><strong>Cinsiyet</strong></td><td>:&nbsp;Unisex</td></tr><tr><td><strong>Barkod</strong></td><td>:&nbsp;8699110083564</td></tr></tbody></table></figure><p>Bu şirin<i><strong> Şapkalı ve Atkılı Oturan Ayı </strong></i><a href=\"https://www.toyzzshop.com/pelus-oyuncaklar/peluslar#!/\"><strong>Peluş</strong></a>’a kim hayır diyebilir ki?</p><ul><li>60 cm. uzunluğundaki yumuşacık tüylere sahip sevimli peluşu büyük küçük herkes çok sevecek!</li><li>Bu sevimli peluşu isterseniz sevdiklerinize hediye edin, isterseniz de evinizde aksesuar olarak kullanabilirsiniz. Sevdiklerinizi özel günlerinde mutlu etmek için harika bir hediye olacaktır. Aynı zamanda çocuklar bu sevimli peluşu kendilerine oyun arkadaşı veya uyku arkadaşı yapabilirler.</li><li>Serinin; beyaz ve gri renkli tüylü olmak üzere 2 farklı modeli bulunmaktadır.</li><li>Ürün iç kısımları kaliteli <i>dolgu malzemesinden</i>, dış kısımları <i>peluştan</i> üretilmiştir.</li><li>Peluş oyuncakları doğal sabun ile elde yıkayabilirsiniz. Ağartıcı ve kimyevi madde kullanılmadan ve sıkmadan yıkanmalı, oda sıcaklığında kurutulmalıdır.</li><li>Peluş uzunluğu: 60 cm.</li></ul><p>&nbsp;</p><p>Tüm kredi kartlarına taksit ve aynı gün kargo avantajlarıyla satın alabilirsiniz.</p>','330f73421653edf3c88ba57972ee02e5.jpeg',2,'True',NULL,'2019-01-22 06:13:58','2019-01-22 06:15:11'),(3,'OyuncakBebekElsa','Elsa','Oyuncakbebekelsa',500,50,60,NULL,'<figure class=\"table\"><table><tbody><tr><td><p><strong>Disney Frozen Elsa Bebek</strong></p><p>Kızlar, Arendelle’in kraliçesi Elsa ile Disney Frozen filminin en sevdikleri sahnelerini canlandırabilecek. Elsa, karlar kraliçesi kostümü ile tıpkı filmdeki gibi muhteşem görünüyor; kumaş giysisi ve ayakkabıları çıkarılıp giydirilebiliyor.</p></td></tr></tbody></table></figure><figure class=\"table\"><table><tbody><tr><td><p><strong>Bebek Türü</strong></p><p>Model: Bebek</p><p>Cinsiyet : Kız Çocuk&nbsp;</p><p>&nbsp;Tema : Disney Prenses</p><p>FrozenYaş Aralığı : 2 - 4 Yaş, 5 - 7 Yaş</p><p>&nbsp;</p><p>Diğer</p><p>Yurt Dışı Satış : Var</p><p>Stok Kodu : HBV00000AW9BK</p></td></tr></tbody></table></figure>','f3c5cf5df27e5e080652b598fac0ebb6.jpeg',4,'True',NULL,'2019-01-22 06:13:58','2019-01-22 07:21:07'),(4,'BezBebekŞapkalıEce','Bezbebek','ŞapkalıEceBebek',500,50,60,NULL,'<figure class=\"table\"><table><tbody><tr><td><strong>Ürün Kodu</strong></td><td>:&nbsp;S000C7238</td></tr><tr><td><strong>Marka</strong></td><td>:&nbsp;<a href=\"https://www.toyzzshop.com/marka/sunman/4034\">Sunman</a></td></tr><tr><td><strong>Üretim Yeri</strong></td><td>:&nbsp;Çin</td></tr><tr><td><strong>Yaş Aralığı</strong></td><td>:&nbsp;3 - 8</td></tr><tr><td><strong>Cinsiyet</strong></td><td>:&nbsp;Kız</td></tr><tr><td><strong>Barkod</strong></td><td>:&nbsp;8680863016497</td></tr></tbody></table></figure><p><i><strong>Şapkalı Ece Bebek</strong></i> kızların yeni oyun arkadaşı olmak için sizlerle!</p><p>Evcilik oyunlarında kızların en yakın arkadaşı olacak topuz saçlı&nbsp;Ece Bebek&nbsp;ile oyunlar artık çok daha eğlenceli! Kızlar isterlerse evcilik oyunlarında, isterlerse uyku arkadaşları olarak, isterlerse de odalarını süslemek için sevimli bez bebeği kullanabilirler.</p><ul><li>50 cm. uzunluğundaki bu sevimli <a href=\"https://www.toyzzshop.com/oyuncak-bebekler-ve-aksesuarlari/bez-bebekler#!/\"><strong>bez bebeğe</strong></a> kızlar bayılacaklar!</li><li>Ürünün; pembe ve yeşil olmak üzere 2 farklı rengi bulunmaktadır.</li><li>Çocuğunuzun; sosyal gelişimine ve hayal dünyasına katkı sağlayacak bez bebeklerdir. Siz de nesilden nesle geçerek bugünlere gelen bez bebek geleneğini, bir bez bebek armağan ederek çocuğunuza öğretebilirsiniz.</li><li>Çocuk sağlığına uygun kaliteli malzemeden üretilmiştir.&nbsp;Bebeğin saçları <i>örgü iplidir</i>.</li><li>Ürün ölçüsü: 20 x 10 x 50 cm.</li></ul><p>Tüm kredi kartlarına taksit ve aynı gün kargo avantajlarıyla satın alabilirsiniz.</p>','ba391db95452d7521bcee379156d007e.jpeg',1,'True',NULL,'2019-01-22 06:13:58','2019-01-22 06:15:15'),(5,'BezBebekTopuzluEce','Bezbebek','Çiçekli Elbiseli Topuzlu Ece Bebek',60,50,60,NULL,'<figure class=\"table\"><table><tbody><tr><td><strong>Ürün Kodu</strong></td><td>:&nbsp;S000C7042</td></tr><tr><td><strong>Marka</strong></td><td>:&nbsp;<a href=\"https://www.toyzzshop.com/marka/sunman/4034\">Sunman</a></td></tr><tr><td><strong>Üretim Yeri</strong></td><td>:&nbsp;Çin</td></tr><tr><td><strong>Yaş Aralığı</strong></td><td>:&nbsp;3 - 8</td></tr><tr><td><strong>Cinsiyet</strong></td><td>:&nbsp;Kız</td></tr><tr><td><strong>Barkod</strong></td><td>:&nbsp;8680863016480</td></tr></tbody></table></figure><p><i>Çiçekli Elbiseli Ece Bebek</i> kızların yeni oyun arkadaşı olmak için sizlere!</p><ul><li>Evcilik oyunlarında kızların en yakın arkadaşı olacak topuz saçlı&nbsp;Ece Bebek&nbsp;ile oyunlar artık çok daha eğlenceli! Kızlar isterlerse evcilik oyunlarında, isterlerse uyku arkadaşları olarak, isterlerse de odalarını süslemek için sevimli bez bebeği kullanabilirler.</li><li>50 cm. uzunluğundaki bu sevimli <a href=\"https://www.toyzzshop.com/oyuncak-bebekler-ve-aksesuarlari/bez-bebekler#!/\"><strong>bez bebeğe</strong></a> kızlar bayılacaklar!</li><li>Ürünün; mor elbiseli ve pembe elbiseli olmak üzere 2 farklı modeli bulunmaktadır.</li><li>Çocuğunuzun; sosyal gelişimine ve hayal dünyasına katkı sağlayacak bez bebeklerdir. Siz de nesilden nesle geçerek bugünlere gelen bez bebek geleneğini, bir bez bebek armağan ederek çocuğunuza öğretebilirsiniz.</li><li>Çocuk sağlığına uygun kaliteli malzemeden üretilmiştir.</li><li>Ürün ölçüsü: 20 x 10 x 50 cm</li></ul><p>Tüm kredi kartlarına taksit ve aynı gün kargo avantajlarıyla satın alabilirsiniz<br>&nbsp;</p>','80ebe4da426b63a13c5ede89ea25a407.jpeg',10,'True',NULL,'2019-01-22 06:24:09','2019-01-22 06:26:18'),(6,'BesBebekKabarıkSaçlı','Bezbebek','KabarıkSaçlıBebek',589,50,60,NULL,'<figure class=\"table\"><table><tbody><tr><td><strong>Ürün Kodu</strong></td><td>:&nbsp;S000C4735</td></tr><tr><td><strong>Marka</strong></td><td>:&nbsp;<a href=\"https://www.toyzzshop.com/marka/sandeer/4173\">Sandeer</a></td></tr><tr><td><strong>Üretim Yeri</strong></td><td>:&nbsp;Çin</td></tr><tr><td><strong>Yaş Aralığı</strong></td><td>:&nbsp;3 yaş ve üzeri</td></tr><tr><td><strong>Cinsiyet</strong></td><td>:&nbsp;Kız</td></tr><tr><td><strong>Barkod</strong></td><td>:&nbsp;8697545105080</td></tr></tbody></table></figure><p>Kabarık Saçlı Ece Bebek kızların yeni oyun arkadaşı olmak için sizlerle!</p><ul><li>Evcilik oyunlarında kızların en yakın arkadaşı olacak topuz saçlı&nbsp;Ece Bebek&nbsp;ile oyunlar artık çok daha eğlenceli! Kızlar isterlerse evcilik oyunlarında, isterlerse uyku arkadaşları olarak, isterlerse de odalarını süslemek için sevimli bez bebeği kullanabilirler.</li><li>40 cm. uzunluğundaki bu sevimli&nbsp;<a href=\"https://www.toyzzshop.com/oyuncak-bebekler-ve-aksesuarlari/bez-bebekler#!/\"><strong>bez bebeğe</strong></a>&nbsp;kızlar bayılacaklar!</li><li>Çocuğunuzun; sosyal gelişimine ve hayal dünyasına katkı sağlayacak bez bebeklerdir. Siz de nesilden nesle geçerek bugünlere gelen bez bebek geleneğini, bir bez bebek armağan ederek çocuğunuza öğretebilirsiniz.</li><li>Serinin; pembe ve mavi elbiseli olmak üzere 2 farklı modeli bulunmaktadır.</li><li>Çocuk sağlığına uygun kaliteli malzemeden üretilmiştir.&nbsp;Bebeğin saçları örgü iplidir.</li><li>Bebek ölçüsü: 16 x 6 x 40 cm.</li></ul><p>&nbsp;</p><p>Tüm kredi kartlarına taksit ve aynı gün kargo avantajlarıyla satın alabilirsiniz.</p><p>&nbsp;</p>','dcb3a35605c67fbc2b020e5bde11f5ab.jpeg',10,'True',NULL,'2019-01-22 07:25:29','2019-01-22 07:26:52'),(7,'OyuncakBebekAlisha','OyuncakBebek','AlishaBebeğinBanyoKeyfi',653,70,80,NULL,'<figure class=\"table\"><table><tbody><tr><td><strong>Ürün Kodu</strong></td><td>:&nbsp;S00001427</td></tr><tr><td><strong>Marka</strong></td><td>:&nbsp;<a href=\"https://www.toyzzshop.com/marka/alisha/4260\">Alisha</a></td></tr><tr><td><strong>Üretim Yeri</strong></td><td>:&nbsp;Çin</td></tr><tr><td><strong>Yaş Aralığı</strong></td><td>:&nbsp;3 - 8</td></tr><tr><td><strong>Cinsiyet</strong></td><td>:&nbsp;Kız</td></tr><tr><td><strong>Barkod</strong></td><td>:&nbsp;8680863014271</td></tr></tbody></table></figure><p><i>Alisha bebek</i> güzel banyosunda vakit geçirmeyi çok seviyor!</p><ul><li>Küvete Alisha bebeği yerleştirin ve onun banyo keyfinde set içerisindeki diğer aksesuarları kullanarak eğlenceli dakikalar geçirmesini sağlayın. Kızlar bu oyun seti ile hayal güçlerini geliştirerek yaratıcı oyunlar oynayabilecekler.</li><li>29 cm. uzunluğundaki Alisha bebeğin saçlarını set içerisindeki tarak ile tarayarak saçlarına şekil verebilirsiniz.</li><li>Set içerisinde; 1 adet Alisha bebek, küvet, lavabo ve çeşitli aksesuarlar yer almaktadır.</li><li>Serinin; pembe ve mavi renkte lavabo olmak üzere 2 farklı modeli bulunmaktadır.</li><li>Kutu ölçüsü: 34 x 10 x 28,5 cm.</li></ul><p>Tüm kredi kartlarına taksit ve aynı gün kargo avantajlarıyla satın alabilirsiniz.</p>','d5ef8869f804206b5a749c4f179d7f4f.jpeg',4,'True',NULL,'2019-01-22 07:33:02','2019-01-22 07:33:28'),(8,'OyuncakBebekBarbie','OyuncakBebek','Ritmik Jimnastikçi Bebek',356,110,120,NULL,'<figure class=\"table\"><table><tbody><tr><td><strong>Ürün Kodu</strong></td><td>:&nbsp;T000FJB18</td></tr><tr><td><strong>Marka</strong></td><td>:&nbsp;<a href=\"https://www.toyzzshop.com/marka/barbie/3770\">Barbie</a></td></tr><tr><td><strong>Üretim Yeri</strong></td><td>:&nbsp;Çin</td></tr><tr><td><strong>Yaş Aralığı</strong></td><td>:&nbsp;3 yaş ve üzeri</td></tr><tr><td><strong>Cinsiyet</strong></td><td>:&nbsp;Kız</td></tr><tr><td><strong>Barkod</strong></td><td>:&nbsp;887961531695</td></tr></tbody></table></figure><p><i>Ritmik Jimnastikçi </i><a href=\"https://www.toyzzshop.com/barbie#!/\"><strong>Barbie</strong></a> bebek en zor hareketler ve harika performanslar için hazır!</p><ul><li>Barbie bebeğin; boyun, üst kol, dirsek, bilek, gövde, kalça, üst bacak, diz ve ayak bileklerinden oluşan 22 farklı hareket noktası bulunmaktadır. Bu sayede kızlar Barbie’ye istediği pozu verebiliyor ve her hareketi yaptırabiliyor.</li><li>Ritmik jimnastikçi Barbie’nin mor renkteki hareketli elbisesi ve topuz yaptığı saçları ile gösteri için çok şık gözüküyor. Ayrıca set içerisinde bulunan 2 adet mor değnek ile Barbie’nin jimnastik gösterine renk katabilirsiniz.</li><li>22 hareketli eklem noktasına sahip bu Jimnastikçi Barbie ile kızların spor dünyasına olan ilgileri artarken hayal güçlerini geliştirerek de eğlenceli oyunlar oynayabilecekler.</li><li>Kutu ölçüsü: 16,5 x 33 x 6,5 cm.</li></ul><p>Tüm kredi kartlarına taksit ve aynı gün kargo avantajlarıyla satın alabilirsiniz.</p>','1123153cd3e7462b273f8bdb64884b6c.jpeg',4,'True',NULL,'2019-01-22 07:39:29','2019-01-22 07:39:57'),(9,'OyuncakBebekWinx','OyuncakBebek','Winx Forever Fashion - Layla',498,100,110,NULL,'<figure class=\"table\"><table><tbody><tr><td><strong>Ürün Kodu</strong></td><td>:&nbsp;T02084367</td></tr><tr><td><strong>Marka</strong></td><td>:&nbsp;<a href=\"https://www.toyzzshop.com/marka/winx/3827\">Winx</a></td></tr><tr><td><strong>Üretim Yeri</strong></td><td>:&nbsp;Çin</td></tr><tr><td><strong>Yaş Aralığı</strong></td><td>:&nbsp;3 - 11</td></tr><tr><td><strong>Cinsiyet</strong></td><td>:&nbsp;Kız</td></tr><tr><td><strong>Barkod</strong></td><td>:&nbsp;4897056843677</td></tr></tbody></table></figure><p><a href=\"https://www.toyzzshop.com/karakter/winx/33#!/\"><i><strong>Winx</strong></i></a><i> Forever Fashion</i> bebekleri ile kızlar eğlenceli dakikalar geçirecekler!</p><ul><li>27 cm. uzunluğundaki Winx bebeklerinın her birinin ayrı büyülü yetenekleri ve birbirinden farklı göz alıcı kıyafetleri ile şimdi çok daha havalılar! World of Winx serisinin bu gösterişli bebekleri ve rengarek aksesuarları ile oyunlar oynamaya Winx hayranları çok sevecek!</li><li>Winx perilerinin 7 hareket edebilir eklemlere (bükülebilir kollar ve dizler) sahiptirler.</li><li>Serinin; Bloom, Flora, Tecna, Musa, Stella ve Layla karakterleri olmak üzere 6 farklı modeli bulunmaktadır.</li><li>Kutu içerisinde; 1 adet Winx bebek ve temasına uygun aksesuarları yer almaktadır.</li><li>Kutu ölçüsü: 35 x 21 x 6 cm.</li></ul><p>Tüm kredi kartlarına taksit ve aynı gün kargo avantajlarıyla satın alabilirsiniz.</p>','512b399b12680f56982ed413d161d492.jpeg',4,'True',NULL,'2019-01-22 07:43:36','2019-01-22 07:43:55'),(10,'OyuncakBebekBarbie','OyuncakBebek','Oyuncak bebek barbie moda',577,45,52,NULL,'<figure class=\"table\"><table><tbody><tr><td><strong>Ürün Kodu</strong></td><td>:&nbsp;T000FPR53</td></tr><tr><td><strong>Marka</strong></td><td>:&nbsp;<a href=\"https://www.toyzzshop.com/marka/barbie/3770\">Barbie</a></td></tr><tr><td><strong>Üretim Yeri</strong></td><td>:&nbsp;Çin</td></tr><tr><td><strong>Yaş Aralığı</strong></td><td>:&nbsp;3 yaş ve üzeri</td></tr><tr><td><strong>Cinsiyet</strong></td><td>:&nbsp;Kız</td></tr><tr><td><strong>Barkod</strong></td><td>:&nbsp;887961615494</td></tr></tbody></table></figure><p>Son moda trendlerden esinlenen <a href=\"https://www.toyzzshop.com/barbie#!/\"><i>Barbie</i></a><i> Bebek </i>güzel havanın keyfini çıkarıyor!</p><ul><li>Barbie bebeğin kumral, esmer ve sarışın olmak üzere 3 farklı modeli bulunmaktadır.</li><li>Barbie Bebek sandalyesi ve içeceği ile güzel havanın ve banyonun keyfini çıkarıyor.</li><li>Kendine has bir görünüşü ve tarzı olan Barbie Bebekler, çocukların hayal gücünü geliştirmeye yardımcı olmaktadır.</li><li>Oyuncak ürünlerimiz CE belgeli, kanserojen madde içermeyen malzemelerden imal edilmiştir.</li><li>Kutu İçerisinde; 1 adet Barbie Bebek ve aksesuarları mevcuttur.</li><li>Kutu Ölçüsü; 23 x 32,5 x 9,5 cm.</li></ul><p>Tüm kredi kartlarına taksit ve aynı gün kargo avantajlarıyla satın alabilirsiniz.</p>','81d5c578afd5d052b39992dd1fcc9d11.jpeg',4,'True',NULL,'2019-01-22 07:47:04','2019-01-22 07:48:16'),(11,'BezBebekRetro','Bezbebek','Çilek Kız Meyve Kokulu Retro Bebek',156,70,80,NULL,'<figure class=\"table\"><table><tbody><tr><td><strong>Ürün Kodu</strong></td><td>:&nbsp;S00012320</td></tr><tr><td><strong>Marka</strong></td><td>:&nbsp;<a href=\"https://www.toyzzshop.com/marka/the-bridge/4146\">The Bridge</a></td></tr><tr><td><strong>Üretim Yeri</strong></td><td>:&nbsp;Çin</td></tr><tr><td><strong>Yaş Aralığı</strong></td><td>:&nbsp;3 - 7</td></tr><tr><td><strong>Cinsiyet</strong></td><td>:&nbsp;Kız</td></tr><tr><td><strong>Barkod</strong></td><td>:&nbsp;885561123210</td></tr></tbody></table></figure><p><i>Çiçek Kız </i>geçmişten ve günümüzden çocukluklarda yer alan büyük olanakları olan küçük kızdır.</p><ul><li>Koleksiyonerler ve yeni fanlar için hem güneşli hem de iyimser kişilik Strawberry Shortcake\'i sonsuza kadar mükemmel bir arkadaş yapıyor! 1980\'lerden itibaren orijinal bez bebeklerinin bu özel reprodüksiyonları, şapkalardan şortlara - çilekli tatlı kokuları dahil - özgün detaylarını içerir!</li><li>Bebek boyu 35 cm\'dir.</li></ul>','ff063cb02f0e4d080baceb1e810c22f3.jpeg',10,'True',NULL,'2019-01-22 07:59:17','2019-01-22 07:59:37'),(12,'BezBebekÇiçekElbiseliEce','Bezbebek','Çiçekli Elbiseli Ece Bebek',25,NULL,15,NULL,'<figure class=\"table\"><table><tbody><tr><td><strong>Ürün Kodu</strong></td><td>:&nbsp;S00001139</td></tr><tr><td><strong>Marka</strong></td><td>:&nbsp;<a href=\"https://www.toyzzshop.com/marka/rising-toys/4254\">Rising Toys</a></td></tr><tr><td><strong>Üretim Yeri</strong></td><td>:&nbsp;Çin</td></tr><tr><td><strong>Yaş Aralığı</strong></td><td>:&nbsp;3 - 7</td></tr><tr><td><strong>Cinsiyet</strong></td><td>:&nbsp;Kız</td></tr><tr><td><strong>Barkod</strong></td><td>:&nbsp;8680863011393</td></tr></tbody></table></figure><p><i>Çiçekli elbiseli Ece bebek </i>kızların en iyi oyun arkadaşı olacak.</p><ul><li>&nbsp;35 cm boyundadır.&nbsp;</li></ul>','0b4ab72939f52d6872af75aa1eb99b0e.jpeg',10,'True',NULL,'2019-01-22 08:01:39','2019-01-22 08:02:41'),(13,'BezBebekKahkulluEce','Bezbebek','Kahkullu Çiçek Elbiseli Ece Bebek',279,50,60,NULL,'<figure class=\"table\"><table><tbody><tr><td><strong>Ürün Kodu</strong></td><td>:&nbsp;S000C7235</td></tr><tr><td><strong>Marka</strong></td><td>:&nbsp;<a href=\"https://www.toyzzshop.com/marka/sunman/4034\">Sunman</a></td></tr><tr><td><strong>Üretim Yeri</strong></td><td>:&nbsp;Çin</td></tr><tr><td><strong>Yaş Aralığı</strong></td><td>:&nbsp;3 - 8</td></tr><tr><td><strong>Cinsiyet</strong></td><td>:&nbsp;Kız</td></tr><tr><td><strong>Barkod</strong></td><td>:&nbsp;8680863016503</td></tr></tbody></table></figure><p><i>Çiçekli Elbiseli Ece Bebek</i> kızların yeni oyun arkadaşı olmak için sizlerle!</p><ul><li>Evcilik oyunlarında kızların en yakın arkadaşı olacak&nbsp;Ece Bebek&nbsp;ile oyunlar artık çok daha eğlenceli! Kızlar isterlerse evcilik oyunlarında, isterlerse uyku arkadaşları olarak, isterlerse de odalarını süslemek için sevimli bez bebeği kullanabilirler.</li><li>50 cm. uzunluğundaki bu sevimli <a href=\"https://www.toyzzshop.com/oyuncak-bebekler-ve-aksesuarlari/bez-bebekler#!/\"><strong>bez bebeğe</strong></a> kızlar bayılacaklar!</li><li>Ürünün; pembe saçlı ve açık kahverengi saçlı olmak üzere 2 farklı modeli bulunmaktadır.</li><li>Çocuğunuzun; sosyal gelişimine ve hayal dünyasına katkı sağlayacak bez bebeklerdir. Siz de nesilden nesle geçerek bugünlere gelen bez bebek geleneğini, bir bez bebek armağan ederek çocuğunuza öğretebilirsiniz.</li><li>Çocuk sağığına uygun kaliteli malzemeden üretilmiştir. Bebeğin saçları örgü iplidir.</li><li>Ürün ölçüsü: 27 x 10 x 50 cm.</li></ul><p>Tüm kredi kartlarına taksit ve aynı gün kargo avantajlarıyla satın alabilirsiniz.</p>','f28577f92ac4f14c9633b4062f5fb3fd.jpeg',10,'True',NULL,'2019-01-22 08:05:54','2019-01-22 08:06:14'),(14,'PeluşOyuncakAyıcık','PeluşAyıcık','Tişörtlü Oturan Peluş Ayı',523,150,170,NULL,'<figure class=\"table\"><table><tbody><tr><td><strong>Ürün Kodu</strong></td><td>:&nbsp;S00008365</td></tr><tr><td><strong>Marka</strong></td><td>:&nbsp;<a href=\"https://www.toyzzshop.com/marka/puffy-friends/4362\">Puffy Friends</a></td></tr><tr><td><strong>Üretim Yeri</strong></td><td>:&nbsp;Çin</td></tr><tr><td><strong>Yaş Aralığı</strong></td><td>:&nbsp;3 yaş ve üzeri</td></tr><tr><td><strong>Cinsiyet</strong></td><td>:&nbsp;Unisex</td></tr><tr><td><strong>Barkod</strong></td><td>:&nbsp;8699110083656</td></tr></tbody></table></figure><p>Bu şirin<i> Tişörtlü Oturan Ayı</i> <a href=\"https://www.toyzzshop.com/pelus-oyuncaklar/peluslar#!/\"><strong>Peluş</strong></a>’a kim hayır diyebilir ki?</p><ul><li>66 cm. uzunluğundaki yumuşacık tüylere sahip sevimli peluşu büyük küçük herkes çok sevecek!</li><li>Bu sevimli peluşu isterseniz sevdiklerinize hediye edin, isterseniz de evinizde aksesuar olarak kullanabilirsiniz. Sevdiklerinizi özel günlerinde mutlu etmek için harika bir hediye olacaktır. Aynı zamanda çocuklar bu sevimli peluşu kendilerine oyun arkadaşı veya uyku arkadaşı yapabilirler.</li><li>Serinin; pembe ve kırmızı tişörtlü olmak üzere 2 farklı modeli bulunmaktadır.</li><li>Ürün iç kısımları kaliteli dolgu malzemesinden, dış kısımları peluştan üretilmiştir.</li><li>Peluş oyuncakları doğal sabun ile elde yıkayabilirsiniz. Ağartıcı ve kimyevi madde kullanılmadan ve sıkmadan yıkanmalı, oda sıcaklığında kurutulmalıdır.</li><li>Peluş uzunluğu: 66 cm.</li></ul><p>Tüm kredi kartlarına taksit ve aynı gün kargo avantajlarıyla satın alabilirsiniz.&nbsp;</p>','5044358a1a65aba24566755a03b59e03.jpeg',3,'True',NULL,'2019-01-22 08:27:08','2019-01-22 08:27:23'),(15,'PeluşOyuncakAyıcık','PeluşAyıcık','Şapkalı ve Atkılı Peluş Ayı',862,140,160,NULL,'<figure class=\"table\"><table><tbody><tr><td><strong>Ürün Kodu</strong></td><td>:&nbsp;S01008341</td></tr><tr><td><strong>Marka</strong></td><td>:&nbsp;<a href=\"https://www.toyzzshop.com/marka/puffy-friends/4362\">Puffy Friends</a></td></tr><tr><td><strong>Üretim Yeri</strong></td><td>:&nbsp;Çin</td></tr><tr><td><strong>Yaş Aralığı</strong></td><td>:&nbsp;3 yaş ve üzeri</td></tr><tr><td><strong>Cinsiyet</strong></td><td>:&nbsp;Unisex</td></tr><tr><td><strong>Barkod</strong></td><td>:&nbsp;8699110083410</td></tr></tbody></table></figure><p>Bu şirin <i>Şapkalı ve Atkılı Oturan Ayı</i> <a href=\"https://www.toyzzshop.com/pelus-oyuncaklar/peluslar#!/\"><strong>Peluş</strong></a>’a kim hayır diyebilir ki?</p><ul><li>65 cm. uzunluğundaki yumuşacık tüylere sahip sevimli peluşu büyük küçük herkes çok sevecek!</li><li>Bu sevimli peluşu isterseniz sevdiklerinize hediye edin, isterseniz de evinizde aksesuar olarak kullanabilirsiniz. Sevdiklerinizi özel günlerinde mutlu etmek için harika bir hediye olacaktır. Aynı zamanda çocuklar bu sevimli peluşu kendilerine oyun arkadaşı veya uyku arkadaşı yapabilirler.</li><li>Serinin; turuncu ve pembe şapkalı olmak üzere 2 farklı modeli bulunmaktadır.</li><li>Ürün iç kısımları kaliteli dolgu malzemesinden, dış kısımları peluştan üretilmiştir.</li><li>Peluş oyuncakları doğal sabun ile elde yıkayabilirsiniz. Ağartıcı ve kimyevi madde kullanılmadan ve sıkmadan yıkanmalı, oda sıcaklığında kurutulmalıdır.</li><li>Peluş uzunluğu: 65 cm.</li></ul><p>Tüm kredi kartlarına taksit ve aynı gün kargo avantajlarıyla satın alabilirsiniz.&nbsp;</p>','f5ce60638614ca4d40e38d6575856f4e.jpeg',3,'True',NULL,'2019-01-22 08:30:09','2019-01-22 08:30:37'),(16,'PeluşOyuncakAyıcık','PeluşAyıcık','Puantiye Elbiseli Peluş Ayı',496,110,140,NULL,'<figure class=\"table\"><table><tbody><tr><td><strong>Ürün Kodu</strong></td><td>:&nbsp;S00008339</td></tr><tr><td><strong>Marka</strong></td><td>:&nbsp;<a href=\"https://www.toyzzshop.com/marka/puffy-friends/4362\">Puffy Friends</a></td></tr><tr><td><strong>Üretim Yeri</strong></td><td>:&nbsp;Çin</td></tr><tr><td><strong>Yaş Aralığı</strong></td><td>:&nbsp;3 yaş ve üzeri</td></tr><tr><td><strong>Cinsiyet</strong></td><td>:&nbsp;Unisex</td></tr><tr><td><strong>Barkod</strong></td><td>:&nbsp;8699110083397</td></tr></tbody></table></figure><p>Bu şirin Puantiye Elbiseli Oturan Ayı <a href=\"https://www.toyzzshop.com/pelus-oyuncaklar/peluslar#!/\"><strong>Peluş</strong></a>’a kim hayır diyebilir ki?</p><p>60 cm. uzunluğundaki yumuşacık tüylere sahip sevimli peluşu büyük küçük herkes çok sevecek! Elbisesi ve kurdeleli bu sevimli peluşla isterseniz odanızı süsleyin isterseniz de sevdiklerinizi mutlu edin!</p><p>Bu sevimli peluşu isterseniz sevdiklerinize hediye edin, isterseniz de evinizde aksesuar olarak kullanabilirsiniz. Sevdiklerinizi özel günlerinde mutlu etmek için harika bir hediye olacaktır. Aynı zamanda çocuklar bu sevimli peluşu kendilerine oyun arkadaşı veya uyku arkadaşı yapabilirler.</p><p>Serinin; pembe ve kırmızı elbiseli olmak üzere 2 farklı modeli bulunmaktadır.</p><p>Ürün iç kısımları kaliteli dolgu malzemesinden, dış kısımları peluştan üretilmiştir.</p><p>Peluş oyuncakları doğal sabun ile elde yıkayabilirsiniz. Ağartıcı ve kimyevi madde kullanılmadan ve sıkmadan yıkanmalı, oda sıcaklığında kurutulmalıdır.</p><p>Peluş uzunluğu: 60 cm.</p><p>Tüm kredi kartlarına taksit ve aynı gün kargo avantajlarıyla satın alabilirsiniz.&nbsp;</p>','a6fbf4ba954c0932afe432d498fdefd0.jpeg',3,'True',NULL,'2019-01-22 08:32:15','2019-01-22 08:33:00'),(17,'PeluşOyuncakAyıcık','PeluşAyıcık','3 Kalpli Oturan Peluş Ayı',532,95,115,NULL,'<figure class=\"table\"><table><tbody><tr><td><strong>Ürün Kodu</strong></td><td>:&nbsp;S01008329</td></tr><tr><td><strong>Marka</strong></td><td>:&nbsp;<a href=\"https://www.toyzzshop.com/marka/puffy-friends/4362\">Puffy Friends</a></td></tr><tr><td><strong>Üretim Yeri</strong></td><td>:&nbsp;Çin</td></tr><tr><td><strong>Yaş Aralığı</strong></td><td>:&nbsp;3 yaş ve üzeri</td></tr><tr><td><strong>Cinsiyet</strong></td><td>:&nbsp;Unisex</td></tr><tr><td><strong>Barkod</strong></td><td>:&nbsp;8699110083298</td></tr></tbody></table></figure><p>Bu şirin 3 Kalpli Oturan Ayı <a href=\"https://www.toyzzshop.com/pelus-oyuncaklar/peluslar#!/\"><strong>Peluş</strong></a>’a kim hayır diyebilir ki?</p><p>50 cm. uzunluğundaki yumuşacık tüylere sahip sevimli peluşu büyük küçük herkes çok sevecek! Renkli kalp yastıklara sahip bu peluş ayıyla isterseniz odanızı süsleyin isterseniz de sevdiklerinizi mutlu edin!</p><p>Bu sevimli peluşu isterseniz sevdiklerinize hediye edin, isterseniz de evinizde aksesuar olarak kullanabilirsiniz. Sevdiklerinizi özel günlerinde mutlu etmek için harika bir hediye olacaktır. Aynı zamanda çocuklar bu sevimli peluşu kendilerine oyun arkadaşı veya uyku arkadaşı yapabilirler.</p><p>Serinin; pembe tüylü ve krem tüylüolmak üzere 2 farklı modeli bulunmaktadır.</p><p>Ürün iç kısımları kaliteli dolgu malzemesinden, dış kısımları peluştan üretilmiştir.</p><p>Peluş oyuncakları doğal sabun ile elde yıkayabilirsiniz. Ağartıcı ve kimyevi madde kullanılmadan ve sıkmadan yıkanmalı, oda sıcaklığında kurutulmalıdır.</p><p>Peluş uzunluğu: 50 cm.</p><p>Tüm kredi kartlarına taksit ve aynı gün kargo avantajlarıyla satın alabilirsiniz.&nbsp;</p>','b0089b183dc36f882aa11b8ba210493b.jpeg',3,'True',NULL,'2019-01-22 08:34:39','2019-01-22 08:35:01'),(18,'PeluşOyuncakAyıcık','PeluşAyıcık','Çizgili Elbiseli Oturan Peluş Ayı',456,95,115,NULL,'<figure class=\"table\"><table><tbody><tr><td><strong>Ürün Kodu</strong></td><td>:&nbsp;S00008315</td></tr><tr><td><strong>Marka</strong></td><td>:&nbsp;<a href=\"https://www.toyzzshop.com/marka/puffy-friends/4362\">Puffy Friends</a></td></tr><tr><td><strong>Üretim Yeri</strong></td><td>:&nbsp;Çin</td></tr><tr><td><strong>Yaş Aralığı</strong></td><td>:&nbsp;3 yaş ve üzeri</td></tr><tr><td><strong>Cinsiyet</strong></td><td>:&nbsp;Unisex</td></tr><tr><td><strong>Barkod</strong></td><td>:&nbsp;8699110083151</td></tr></tbody></table></figure><p>Bu şirin Elbiseli Oturan Ayı <a href=\"https://www.toyzzshop.com/pelus-oyuncaklar/peluslar#!/\"><strong>Peluş</strong></a>’a kim hayır diyebilir ki?</p><p>50 cm. uzunluğundaki yumuşacık tüylere sahip sevimli peluşu büyük küçük herkes çok sevecek! Üstelik peluş elbisesi ve kurdelesi ile çok daha sevimli gözükmektedir.</p><p>Bu sevimli peluşu isterseniz sevdiklerinize hediye edin, isterseniz de evinizde aksesuar olarak kullanabilirsiniz. Sevdiklerinizi özel günlerinde mutlu etmek için harika bir hediye olacaktır. Aynı zamanda çocuklar bu sevimli peluşu kendilerine oyun arkadaşı veya uyku arkadaşı yapabilirler.</p><p>Serinin; pembe ve mavi elbiseli olmak üzere 2 farklı modeli bulunmaktadır.</p><p>Ürün iç kısımları kaliteli dolgu malzemesinden, dış kısımları peluştan üretilmiştir.</p><p>Peluş oyuncakları doğal sabun ile elde yıkayabilirsiniz. Ağartıcı ve kimyevi madde kullanılmadan ve sıkmadan yıkanmalı, oda sıcaklığında kurutulmalıdır.</p><p>Peluş uzunluğu: 50 cm.</p><p>Tüm kredi kartlarına taksit ve aynı gün kargo avantajlarıyla satın alabilirsiniz.&nbsp;</p>','a22bb008239289041581432ec9933744.jpeg',3,'True',NULL,'2019-01-22 08:36:26','2019-01-22 08:37:40'),(19,'PeluşOyuncakKedi','PeluşÇeşitleri','Fiyonklu Peluş Kedi',305,65,85,NULL,'<figure class=\"table\"><table><tbody><tr><td><strong>Ürün Kodu</strong></td><td>:&nbsp;S01007705</td></tr><tr><td><strong>Marka</strong></td><td>:&nbsp;<a href=\"https://www.toyzzshop.com/marka/puffy-friends/4362\">Puffy Friends</a></td></tr><tr><td><strong>Üretim Yeri</strong></td><td>:&nbsp;Çin</td></tr><tr><td><strong>Yaş Aralığı</strong></td><td>:&nbsp;3 yaş ve üzeri</td></tr><tr><td><strong>Cinsiyet</strong></td><td>:&nbsp;Unisex</td></tr><tr><td><strong>Barkod</strong></td><td>:&nbsp;8699110077051</td></tr></tbody></table></figure><p>Bu şirin Fiyonklu Kedi <a href=\"https://www.toyzzshop.com/pelus-oyuncaklar/peluslar#!/\"><strong>Peluş</strong></a>’a kim hayır diyebilir ki?</p><p>50 cm. uzunluğundaki yumuşacık tüylere sahip sevimli kedi peluşu büyük küçük herkes çok sevecek!</p><p>Bu sevimli peluşu isterseniz sevdiklerinize hediye edin, isterseniz de evinizde aksesuar olarak kullanabilirsiniz. Sevdiklerinizi özel günlerinde mutlu etmek için harika bir hediye olacaktır. Aynı zamanda çocuklar bu sevimli peluşu kendilerine oyun arkadaşı veya uyku arkadaşı yapabilirler.</p><p>Serinin; mor-pembe ve sarı-mor fiyonklu olmak üzere 2 farklı modeli bulunmaktadır.</p><p>Ürün iç kısımları kaliteli dolgu malzemesinden, dış kısımları peluştan üretilmiştir.</p><p>Peluş oyuncakları doğal sabun ile elde yıkayabilirsiniz. Ağartıcı ve kimyevi madde kullanılmadan ve sıkmadan yıkanmalı, oda sıcaklığında kurutulmalıdır.</p><p>Peluş uzunluğu: 50 cm.</p><p>Tüm kredi kartlarına taksit ve aynı gün kargo avantajlarıyla satın alabilirsiniz.&nbsp;</p>','07da098c1390ce51a2aa332e20ca03bd.jpeg',6,'True',NULL,'2019-01-22 08:40:18','2019-01-22 08:51:07'),(20,'PeluşOyuncakKurbaga','PeluşÇeşitleri','Kalpli Kurbağa Peluş',458,55,75,NULL,'<figure class=\"table\"><table><tbody><tr><td><strong>Ürün Kodu</strong></td><td>:&nbsp;S01008096</td></tr><tr><td><strong>Marka</strong></td><td>:&nbsp;<a href=\"https://www.toyzzshop.com/marka/puffy-friends/4362\">Puffy Friends</a></td></tr><tr><td><strong>Üretim Yeri</strong></td><td>:&nbsp;Çin</td></tr><tr><td><strong>Yaş Aralığı</strong></td><td>:&nbsp;3 yaş ve üzeri</td></tr><tr><td><strong>Cinsiyet</strong></td><td>:&nbsp;Unisex</td></tr><tr><td><strong>Barkod</strong></td><td>:&nbsp;8699110080969</td></tr></tbody></table></figure><p>Bu şirin Kalpli Oturan Kurbağa <a href=\"https://www.toyzzshop.com/pelus-oyuncaklar/peluslar#!/\"><strong>Peluş</strong></a>’a kim hayır diyebilir ki?</p><p>50 cm. uzunluğundaki yumuşacık tüylere sahip sevimli peluşu büyük küçük herkes çok sevecek! Üzerinde ‘ I Love You’ yazılı kalpli yastığa sahip bu kurbağa peluşla isterseniz odanızı süsleyin isterseniz de sevdiklerinizi mutlu edin!</p><p>Bu sevimli peluşu isterseniz sevdiklerinize hediye edin, isterseniz de evinizde aksesuar olarak kullanabilirsiniz. Sevdiklerinizi özel günlerinde mutlu etmek için harika bir hediye olacaktır. Aynı zamanda çocuklar bu sevimli peluşu kendilerine oyun arkadaşı veya uyku arkadaşı yapabilirler.</p><p>Serinin; pembe ve kırmızı kalpli olmak üzere 2 farklı modeli bulunmaktadır.</p><p>Ürün iç kısımları kaliteli dolgu malzemesinden, dış kısımları peluştan üretilmiştir.</p><p>Peluş oyuncakları doğal sabun ile elde yıkayabilirsiniz. Ağartıcı ve kimyevi madde kullanılmadan ve sıkmadan yıkanmalı, oda sıcaklığında kurutulmalıdır.</p><p>Peluş uzunluğu: 50 cm.</p><p>Tüm kredi kartlarına taksit ve aynı gün kargo avantajlarıyla satın alabilirsiniz.</p>','8ef83140368c6e5b916ffedfcb172291.jpeg',6,'True',NULL,'2019-01-22 08:42:33','2019-01-22 08:51:16'),(21,'PeluşOyuncakFil','PeluşÇeşitleri','Kurdeleli Peluş Fil',862,130,150,NULL,'<figure class=\"table\"><table><tbody><tr><td><strong>Ürün Kodu</strong></td><td>:&nbsp;S01008109</td></tr><tr><td><strong>Marka</strong></td><td>:&nbsp;<a href=\"https://www.toyzzshop.com/marka/puffy-friends/4362\">Puffy Friends</a></td></tr><tr><td><strong>Üretim Yeri</strong></td><td>:&nbsp;Çin</td></tr><tr><td><strong>Yaş Aralığı</strong></td><td>:&nbsp;3 yaş ve üzeri</td></tr><tr><td><strong>Cinsiyet</strong></td><td>:&nbsp;Unisex</td></tr><tr><td><strong>Barkod</strong></td><td>:&nbsp;8699110081096</td></tr></tbody></table></figure><p>Bu şirin Kurdeleli Oturan Fil <a href=\"https://www.toyzzshop.com/pelus-oyuncaklar/peluslar#!/\"><strong>Peluş</strong></a>’a kim hayır diyebilir ki?</p><p>60 cm. uzunluğundaki yumuşacık tüylere sahip sevimli peluş fili büyük küçük herkes çok sevecek!</p><p>Bu sevimli peluşu isterseniz sevdiklerinize hediye edin, isterseniz de evinizde aksesuar olarak kullanabilirsiniz. Sevdiklerinizi özel günlerinde mutlu etmek için harika bir hediye olacaktır. Aynı zamanda çocuklar bu sevimli peluşu kendilerine oyun arkadaşı veya uyku arkadaşı yapabilirler.</p><p>Serinin; pembe ve mavi kurdeleli olmak üzere 2 farklı modeli bulunmaktadır.</p><p>Ürün iç kısımları kaliteli dolgu malzemesinden, dış kısımları peluştan üretilmiştir.</p><p>Peluş oyuncakları doğal sabun ile elde yıkayabilirsiniz. Ağartıcı ve kimyevi madde kullanılmadan ve sıkmadan yıkanmalı, oda sıcaklığında kurutulmalıdır.</p><p>Peluş uzunluğu: 60 cm.</p><p>Tüm kredi kartlarına taksit ve aynı gün kargo avantajlarıyla satın alabilirsiniz.&nbsp;</p>','727e2680b400930ff07972a44be0c154.jpeg',6,'True',NULL,'2019-01-22 08:44:09','2019-01-22 08:51:24'),(22,'PeluşOyuncakHelloKitty','PeluşÇeşitleri','Hello Kitty Şapkalı Peluş',652,110,130,NULL,'<figure class=\"table\"><table><tbody><tr><td><strong>Ürün Kodu</strong></td><td>:&nbsp;S02002090</td></tr><tr><td><strong>Marka</strong></td><td>:&nbsp;<a href=\"https://www.toyzzshop.com/marka/oem/4000\">Oem</a></td></tr><tr><td><strong>Üretim Yeri</strong></td><td>:&nbsp;Çin</td></tr><tr><td><strong>Yaş Aralığı</strong></td><td>:&nbsp;3 yaş ve üzeri</td></tr><tr><td><strong>Cinsiyet</strong></td><td>:&nbsp;Kız</td></tr><tr><td><strong>Barkod</strong></td><td>:&nbsp;8680863020906</td></tr></tbody></table></figure><p>En sevilen karakterlerden Hello Kitty Şapkalı <a href=\"https://www.toyzzshop.com/pelus-oyuncaklar/peluslar#!/\"><strong>Peluş</strong></a> sizlerle!</p><p>50 cm. uzunluğundaki yumuşacık tüylere sahip sevimli peluşu Hello Kitty hayranları çok sevecek!</p><p>Bu sevimli peluşu isterseniz sevdiklerinize hediye edin, isterseniz de evinizde aksesuar olarak kullanabilirsiniz. Sevdiklerinizi özel günlerinde mutlu etmek için harika bir hediye olacaktır. Aynı zamanda çocuklar bu sevimli peluşu kendilerine oyun arkadaşı veya uyku arkadaşı yapabilirler.</p><p>Serinin; mor ve pembe renkli olmak üzere 2 farklı modeli bulunmaktadır.</p><p>Ürün iç kısımları kaliteli dolgu malzemesinden, dış kısımları peluştan üretilmiştir.</p><p>Peluş oyuncakları doğal sabun ile elde yıkayabilirsiniz. Ağartıcı ve kimyevi madde kullanılmadan ve sıkmadan yıkanmalı, oda sıcaklığında kurutulmalıdır.</p><p>Ürün ölçüsü: 45 x 31 x 50 cm.</p><p>Tüm kredi kartlarına taksit ve aynı gün kargo avantajlarıyla satın alabilirsiniz.&nbsp;</p>','9814d31ab14b5461ea4dbf7ec0f5b8c8.jpeg',6,'True',NULL,'2019-01-22 08:46:37','2019-01-22 08:51:33'),(23,'PeluşOyuncakKopek','PeluşÇeşitleri','Şapkalı Oturan Peluş Köpek',248,115,160,NULL,'<figure class=\"table\"><table><tbody><tr><td><strong>Ürün Kodu</strong></td><td>:&nbsp;S00008340</td></tr><tr><td><strong>Marka</strong></td><td>:&nbsp;<a href=\"https://www.toyzzshop.com/marka/puffy-friends/4362\">Puffy Friends</a></td></tr><tr><td><strong>Üretim Yeri</strong></td><td>:&nbsp;Çin</td></tr><tr><td><strong>Yaş Aralığı</strong></td><td>:&nbsp;3 yaş ve üzeri</td></tr><tr><td><strong>Cinsiyet</strong></td><td>:&nbsp;Unisex</td></tr><tr><td><strong>Barkod</strong></td><td>:&nbsp;8699110083403</td></tr></tbody></table></figure><p>Bu şirin Şapkalı Oturan Köpek <a href=\"https://www.toyzzshop.com/pelus-oyuncaklar/peluslar#!/\"><strong>Peluş</strong></a>’a kim hayır diyebilir ki?</p><p>64 cm. uzunluğundaki yumuşacık tüylere sahip sevimli peluşu büyük küçük herkes çok sevecek!</p><p>Bu sevimli peluşu isterseniz sevdiklerinize hediye edin, isterseniz de evinizde aksesuar olarak kullanabilirsiniz. Sevdiklerinizi özel günlerinde mutlu etmek için harika bir hediye olacaktır. Aynı zamanda çocuklar bu sevimli peluşu kendilerine oyun arkadaşı veya uyku arkadaşı yapabilirler.</p><p>Serinin; kırmızı ve pembe şapkalı olmak üzere 2 farklı modeli bulunmaktadır.</p><p>Ürün iç kısımları kaliteli dolgu malzemesinden, dış kısımları peluştan üretilmiştir.</p><p>Peluş oyuncakları doğal sabun ile elde yıkayabilirsiniz. Ağartıcı ve kimyevi madde kullanılmadan ve sıkmadan yıkanmalı, oda sıcaklığında kurutulmalıdır.</p><p>Peluş uzunluğu: 64 cm.</p><p>Tüm kredi kartlarına taksit ve aynı gün kargo avantajlarıyla satın alabilirsiniz.&nbsp;</p>','12f0219b0b22be687042bca265d0a67f.jpeg',6,'True',NULL,'2019-01-22 08:48:55','2019-01-22 08:51:39'),(24,'WinnieThePoohAhşapPuzzle','AhşapPuzzle','Winnie The Pooh Ahşap Raptiyeli',160,45,50,NULL,'<figure class=\"table\"><table><tbody><tr><td><strong>Ürün Kodu</strong></td><td>:&nbsp;S00019217</td></tr><tr><td><strong>Marka</strong></td><td>:&nbsp;<a href=\"https://www.toyzzshop.com/marka/woody/4335\">Woody</a></td></tr><tr><td><strong>Üretim Yeri</strong></td><td>:&nbsp;Çin</td></tr><tr><td><strong>Yaş Aralığı</strong></td><td>:&nbsp;0 - 3</td></tr><tr><td><strong>Cinsiyet</strong></td><td>:&nbsp;Unisex</td></tr><tr><td><strong>Barkod</strong></td><td>:&nbsp;8680863012369</td></tr></tbody></table></figure><p>Woody Winnie The Pooh&nbsp;Raptiyeli <a href=\"https://www.toyzzshop.com/arama#!/query/bultak\">Ahşap Bultak </a>&nbsp;sizlerle!</p><p>En sevdiğiniz karakterlerden oluşan Woody Winnie The Pooh Raptiyeli&nbsp;Ahşap Bultak ile çocuklar eğlenceli vakit geçirecekler!&nbsp;</p><p>Bitmiş puzzle ölçüsü: 39,5 x 0,5 x 30 cm.</p><p>Canlı ve kaliteli malzemeden üretilen ürünün; uçurtma şenliği ve oyun zamanı olmak üzere 2 farklı seçeneği mevcuttur.</p><p>Uçurtma Şenliği; 5 parça</p><p>Oyun Zamanı; 7 parça</p><p>Puzzle oyuncaklar; çocuğunuzun görsel hafızasını geliştirir, neden sonuç ilişkisini kurma, duyusal gelişim ve el-göz koordinasyonunun gelişmesine yardımcı olmaktadır. Karmaşık gibi görünen parçaları çocuklar birleştirirken problem çözme yeteneklerini geliştirmelerine destek sağlamaktadır.</p><p>Tüm kredi kartlarına taksit ve aynı gün kargo avantajlarıyla satın alabilirsiniz.</p>','382dce81af41b63b1a2855cece2108d6.jpeg',9,'True',NULL,'2019-01-22 09:01:26','2019-01-22 09:01:42'),(25,'AlfabeAhşapPuzzle','AhşapPuzzle','Alfabe Ahşap Raptiyeli Puzzle',160,20,32,NULL,'<figure class=\"table\"><table><tbody><tr><td><strong>Ürün Kodu</strong></td><td>:&nbsp;S00130443</td></tr><tr><td><strong>Marka</strong></td><td>:&nbsp;<a href=\"https://www.toyzzshop.com/marka/woody/4335\">Woody</a></td></tr><tr><td><strong>Üretim Yeri</strong></td><td>:&nbsp;Çin</td></tr><tr><td><strong>Yaş Aralığı</strong></td><td>:&nbsp;3 - 6</td></tr><tr><td><strong>Cinsiyet</strong></td><td>:&nbsp;Unisex</td></tr><tr><td><strong>Barkod</strong></td><td>:&nbsp;8680863009604</td></tr></tbody></table></figure><p>26 parçadan oluşan Woody Alfabe <a href=\"https://www.toyzzshop.com/puzzle/ahsap-puzzle#!/\">Ahşap Puzzle</a> Raptiyeli sizlerle!</p><p>En sevdiğiniz karakterlerden oluşan Woody Alfabe Ahşap Raptiyeli Puzzle ile çocuklar eğlenceli vakit geçirecekler!&nbsp;</p><p>Bitmiş puzzle ölçüsü: 29,5 x 1 x 22 cm.</p><p>Parça Sayısı: 26</p><p>Canlı ve kaliteli malzemeden üretilmiştir.</p><p>Puzzle oyuncaklar; çocuğunuzun görsel hafızasını geliştirir, neden sonuç ilişkisini kurma, duyusal gelişim ve el-göz koordinasyonunun gelişmesine yardımcı olmaktadır. Karmaşık gibi görünen parçaları çocuklar birleştirirken problem çözme yeteneklerini geliştirmelerine destek sağlamaktadır.</p><p>Tüm kredi kartlarına taksit ve aynı gün kargo avantajlarıyla satın alabilirsiniz.</p>','6f8423bd11c01ad81607f0ea4e9c85a5.jpeg',9,'True',NULL,'2019-01-22 09:04:05','2019-01-22 09:04:21'),(26,'DenizHayvanlarıAhşapPuzzle','AhşapPuzzle','Deniz Hayvanları Ahşap Raptiyeli Puzzle',178,45,55,NULL,'<figure class=\"table\"><table><tbody><tr><td><strong>Ürün Kodu</strong></td><td>:&nbsp;S00130388</td></tr><tr><td><strong>Marka</strong></td><td>:&nbsp;<a href=\"https://www.toyzzshop.com/marka/woody/4335\">Woody</a></td></tr><tr><td><strong>Üretim Yeri</strong></td><td>:&nbsp;Çin</td></tr><tr><td><strong>Yaş Aralığı</strong></td><td>:&nbsp;3 - 6</td></tr><tr><td><strong>Cinsiyet</strong></td><td>:&nbsp;Unisex</td></tr><tr><td><strong>Barkod</strong></td><td>:&nbsp;8680863009574</td></tr></tbody></table></figure><p>22 parçadan oluşan Woody <a href=\"https://www.toyzzshop.com/puzzle/ahsap-puzzle#!/\">Ahşap Puzzle</a> Raptiyeli sizlerle!</p><p>En sevdiğiniz karakterlerden oluşan Woody&nbsp;Deniz Hayvanları Ahşap Raptiyeli Puzzle ile çocuklar eğlenceli vakit geçirecekler!&nbsp;</p><p>Bitmiş puzzle ölçüsü: 40 x 1 x 30 cm.</p><p>Parça Sayısı: 22</p><p>Canlı ve kaliteli malzemeden üretilmiştir.</p><p>Puzzle oyuncaklar; çocuğunuzun görsel hafızasını geliştirir, neden sonuç ilişkisini kurma, duyusal gelişim ve el-göz koordinasyonunun gelişmesine yardımcı olmaktadır. Karmaşık gibi görünen parçaları çocuklar birleştirirken problem çözme yeteneklerini geliştirmelerine destek sağlamaktadır.</p><p>Tüm kredi kartlarına taksit ve aynı gün kargo avantajlarıyla satın alabilirsiniz.</p>','7d544f9808fecc66fad688f1a436edf8.jpeg',9,'True',NULL,'2019-01-22 09:05:46','2019-01-22 09:06:02'),(27,'ÇiftlikHayvanlarıAhşapPuzzle','AhşapPuzzle','Ahşap Puzzle Çiftlik Hayvanları',134,65,80,NULL,'<figure class=\"table\"><table><tbody><tr><td><strong>Ürün Kodu</strong></td><td>:&nbsp;S00001853</td></tr><tr><td><strong>Marka</strong></td><td>:&nbsp;<a href=\"https://www.toyzzshop.com/marka/woody/4335\">Woody</a></td></tr><tr><td><strong>Üretim Yeri</strong></td><td>:&nbsp;Çin</td></tr><tr><td><strong>Yaş Aralığı</strong></td><td>:&nbsp;3 yaş ve üzeri</td></tr><tr><td><strong>Cinsiyet</strong></td><td>:&nbsp;Unisex</td></tr><tr><td><strong>Barkod</strong></td><td>:&nbsp;8680863018538</td></tr></tbody></table></figure><p>48 parçadan oluşan Çiftlik Hayvanları temalı Woody Ahşap <a href=\"https://www.toyzzshop.com/puzzle/ahsap-puzzle#!/\"><strong>Puzzle</strong></a> sizlerle!</p><p>Sevimli hayvanlar desenli bu Ahşap Puzzle 48 parçadan oluşmaktadır. En iyi baskı, kaliteli malzeme, canlı ve parlak renkler özel koleksiyonların yanı sıra birbirine uyumlu parçaları birleştirerek çocukların eğlenceli dakikalar geçirmesini sağlayacaktır.</p><p>Puzzle ölçüsü: 40 x 30 cm.</p><p>Parça Sayısı: 48</p><p>Puzzle oyuncaklar; çocuğunuzun görsel hafızasını geliştirir, neden sonuç ilişkisini kurma, duyusal gelişim ve el-göz koordinasyonunun gelişmesine yardımcı olmaktadır. Karmaşık gibi görünen parçaları çocuklar birleştirirken problem çözme yeteneklerini geliştirmelerine destek sağlamaktadır.</p><p>Tüm kredi kartlarına taksit ve aynı gün kargo avantajlarıyla satın alabilirsiniz.&nbsp;</p>','9b81f9ff8e77c64ee43a39cc27b40cff.jpeg',9,'True',NULL,'2019-01-22 09:07:20','2019-01-22 09:07:44'),(28,'SayılarAhşapPuzzle','AhşapPuzzle','Sayılar Ahşap Raptiyeli Puzzle',189,20,30,NULL,'<figure class=\"table\"><table><tbody><tr><td><strong>Ürün Kodu</strong></td><td>:&nbsp;S00130355</td></tr><tr><td><strong>Marka</strong></td><td>:&nbsp;<a href=\"https://www.toyzzshop.com/marka/woody/4335\">Woody</a></td></tr><tr><td><strong>Üretim Yeri</strong></td><td>:&nbsp;Çin</td></tr><tr><td><strong>Yaş Aralığı</strong></td><td>:&nbsp;3 - 6</td></tr><tr><td><strong>Cinsiyet</strong></td><td>:&nbsp;Unisex</td></tr><tr><td><strong>Barkod</strong></td><td>:&nbsp;8680863009598</td></tr></tbody></table></figure><p>10 parçadan oluşan Woody Sayılar <a href=\"https://www.toyzzshop.com/puzzle/ahsap-puzzle#!/\">Ahşap Puzzle</a> &nbsp;Raptiyeli sizlerle!</p><p>En sevdiğiniz karakterlerden oluşan Woody Winnie the Pooh Ahşap Raptiyeli Puzzle ile çocuklar eğlenceli vakit geçirecekler!</p><p>Bitmiş puzzle ölçüsü: 29,5 x 1 x 22 cm.</p><p>Parça Sayısı: 10</p><p>Canlı ve kaliteli malzemeden üretilmiştir.</p><p>Puzzle oyuncaklar; çocuğunuzun görsel hafızasını geliştirir, neden sonuç ilişkisini kurma, duyusal gelişim ve el-göz koordinasyonunun gelişmesine yardımcı olmaktadır. Karmaşık gibi görünen parçaları çocuklar birleştirirken problem çözme yeteneklerini geliştirmelerine destek sağlamaktadır.</p><p>Tüm kredi kartlarına taksit ve aynı gün kargo avantajlarıyla satın alabilirsiniz.</p>','8a60d0df497558e7eb61c47e44d943e2.jpeg',9,'True',NULL,'2019-01-22 09:09:24','2019-01-22 09:11:17'),(29,'Bahçenin RenkleriPuzzle','1000ParçaPuzzle','1000 Parça Puzzle : Bahçenin Renkleri',429,42,50,NULL,'<figure class=\"table\"><table><tbody><tr><td><strong>Ürün Kodu</strong></td><td>:&nbsp;T03001020</td></tr><tr><td><strong>Marka</strong></td><td>:&nbsp;<a href=\"https://www.toyzzshop.com/marka/anatolian/3942\">Anatolian</a></td></tr><tr><td><strong>Üretim Yeri</strong></td><td>:&nbsp;Çin</td></tr><tr><td><strong>Yaş Aralığı</strong></td><td>:&nbsp;14 yaş ve üzeri</td></tr><tr><td><strong>Cinsiyet</strong></td><td>:&nbsp;Unisex</td></tr><tr><td><strong>Barkod</strong></td><td>:&nbsp;8698543110205</td></tr></tbody></table></figure><p>Puzzle severler için çiçekler temalı 1000 parça Bahçenin Renkleri puzzle sizlerle!</p><p>Bitmiş puzzle boyutu: 66 x 48 cm.<br>Kutu ölçüsü: 36 x 25 x 5 cm.<br>Model numarası: 1020<br>Parça sayısı: 1000</p><p>Puzzle’ın son parçasını tamamlamanın heyecanını yaşayın! Her bir puzzle parçası tektir, kalitelidir ve mükemmel bir şekilde yerine oturmaktadır.</p><p>Puzzle kişinin tek bir noktaya konsantre olup günün yorgunluğunu atabilmesi için çok keyifli bir uğraştır. Hafızayı ve görsel zekayı geliştirmesi açısından beyin fonksiyonlarına katkı sağlamaktadır. En beğendiğiniz resimlerle bu kadar yakınlaşmak dışında onları çerçevelemek, sadece kendi duvarlarınıza değil, sevdiklerinize hediye etmek de ayrıca keyiflidir.</p><p>Anatolian puzzle kayıp parça desteği için; <a href=\"http://www.anatolian.com.tr/\">www.anatolian.com.tr</a>&nbsp;web sitesine girerek kayıp parça bölümünden çıkan formu doldurup talep de bulunabilirsiniz. Formda istenen bilgiler; isim soy isim, adres, İlgili ürünün kodu, &nbsp;kalıp kodu (bu kod ürün içi stant üzerinde yazar) ve kayıp parça/parçaların koordinatları (Soldan sağa A, Yukarıdan aşağı B diye tanımlanır). Yapılan talep ilgili firmaya iletildikten sonra tüketiciye Anatolian puzzle tarafından ücretsiz olarak kargolanır.</p><p>Tüm kredi kartlarına taksit ve aynı gün kargo avantajlarıyla satın alabilirsiniz.</p>','b701dcf979c1e93f5988ff440536a951.jpeg',7,'True',NULL,'2019-01-22 09:14:16','2019-01-22 09:14:34'),(30,'VenedikSokaklarıII1000Parça','1000ParçaPuzzle','1000 Parça Puzzle : Venedik Sokakları II',245,35,55,NULL,'<figure class=\"table\"><table><tbody><tr><td><strong>Ürün Kodu</strong></td><td>:&nbsp;T01003087</td></tr><tr><td><strong>Marka</strong></td><td>:&nbsp;<a href=\"https://www.toyzzshop.com/marka/anatolian/3942\">Anatolian</a></td></tr><tr><td><strong>Üretim Yeri</strong></td><td>:&nbsp;Çin</td></tr><tr><td><strong>Yaş Aralığı</strong></td><td>:&nbsp;14 yaş ve üzeri</td></tr><tr><td><strong>Cinsiyet</strong></td><td>:&nbsp;Unisex</td></tr><tr><td><strong>Barkod</strong></td><td>:&nbsp;8698543130876</td></tr></tbody></table></figure><p>İtalya sokakları 1000 parça Venedik Sokakları II puzzle ile artık evinizde sizlerle!</p><p>Bitmiş puzzle boyutu: 66 x 48 cm.<br>Kutu ölçüsü: 36 x 25 x 5 cm.<br>Model numarası: 3087<br>Parça sayısı: 1000</p><p>Puzzle’ın son parçasını tamamlamanın heyecanını yaşayın! Her bir puzzle parçası tektir, kalitelidir ve mükemmel bir şekilde yerine oturmaktadır.</p><p>Puzzle kişinin tek bir noktaya konsantre olup günün yorgunluğunu atabilmesi için çok keyifli bir uğraştır. Hafızayı ve görsel zekayı geliştirmesi açısından beyin fonksiyonlarına katkı sağlamaktadır. En beğendiğiniz resimlerle bu kadar yakınlaşmak dışında onları çerçevelemek, sadece kendi duvarlarınıza değil, sevdiklerinize hediye etmek de ayrıca keyiflidir.</p><p>Anatolian puzzle kayıp parça desteği için; <a href=\"http://www.anatolian.com.tr/\">www.anatolian.com.tr</a>&nbsp;web sitesine girerek kayıp parça bölümünden çıkan formu doldurup talep de bulunabilirsiniz. Formda istenen bilgiler; isim soy isim, adres, İlgili ürünün kodu, &nbsp;kalıp kodu (bu kod ürün içi stant üzerinde yazar) ve kayıp parça/parçaların koordinatları (Soldan sağa A, Yukarıdan aşağı B diye tanımlanır). Yapılan talep ilgili firmaya iletildikten sonra tüketiciye Anatolian puzzle tarafından ücretsiz olarak kargolanır.</p><p>Tüm kredi kartlarına taksit ve aynı gün kargo avantajlarıyla satın alabilirsiniz.</p>','0bc6bb5e9bd055a1519579d2bf6c30e4.jpeg',7,'True',NULL,'2019-01-22 09:16:37','2019-01-22 09:20:11'),(31,'DenizeAit1000ParçaPuzzle','1000ParçaPuzzle','1000 Parça Puzzle : Denize Ait',326,32,52,NULL,'<figure class=\"table\"><table><tbody><tr><td><strong>Ürün Kodu</strong></td><td>:&nbsp;T03001025</td></tr><tr><td><strong>Marka</strong></td><td>:&nbsp;<a href=\"https://www.toyzzshop.com/marka/anatolian/3942\">Anatolian</a></td></tr><tr><td><strong>Üretim Yeri</strong></td><td>:&nbsp;Çin</td></tr><tr><td><strong>Yaş Aralığı</strong></td><td>:&nbsp;14 yaş ve üzeri</td></tr><tr><td><strong>Cinsiyet</strong></td><td>:&nbsp;Unisex</td></tr><tr><td><strong>Barkod</strong></td><td>:&nbsp;8698543110250</td></tr></tbody></table></figure><p>Puzzle severler için çizim ve hayvanlar temalı 1000 parça Denize Ait puzzle sizlerle!</p><p>Bitmiş puzzle boyutu: 66 x 48 cm.<br>Kutu ölçüsü: 36 x 25 x 5 cm.<br>Model numarası: 1025<br>Parça sayısı: 1000</p><p>Puzzle’ın son parçasını tamamlamanın heyecanını yaşayın! Her bir puzzle parçası tektir, kalitelidir ve mükemmel bir şekilde yerine oturmaktadır.</p><p>Puzzle kişinin tek bir noktaya konsantre olup günün yorgunluğunu atabilmesi için çok keyifli bir uğraştır. Hafızayı ve görsel zekayı geliştirmesi açısından beyin fonksiyonlarına katkı sağlamaktadır. En beğendiğiniz resimlerle bu kadar yakınlaşmak dışında onları çerçevelemek, sadece kendi duvarlarınıza değil, sevdiklerinize hediye etmek de ayrıca keyiflidir.</p><p>Anatolian puzzle kayıp parça desteği için; <a href=\"http://www.anatolian.com.tr/\">www.anatolian.com.tr</a>&nbsp;web sitesine girerek kayıp parça bölümünden çıkan formu doldurup talep de bulunabilirsiniz. Formda istenen bilgiler; isim soy isim, adres, İlgili ürünün kodu, &nbsp;kalıp kodu (bu kod ürün içi stant üzerinde yazar) ve kayıp parça/parçaların koordinatları (Soldan sağa A, Yukarıdan aşağı B diye tanımlanır). Yapılan talep ilgili firmaya iletildikten sonra tüketiciye Anatolian puzzle tarafından ücretsiz olarak kargolanır.</p><p>Tüm kredi kartlarına taksit ve aynı gün kargo avantajlarıyla satın alabilirsiniz.</p>','07f67064ed289bc19598369a6d6ca887.jpeg',7,'True',NULL,'2019-01-22 09:17:57','2019-01-22 09:20:36'),(32,'KızKulesi1000ParçaPuzzle','1000ParçaPuzzle','1000 Parça Puzzle : Kız Kulesi',562,55,65,NULL,'<figure class=\"table\"><table><tbody><tr><td><strong>Ürün Kodu</strong></td><td>:&nbsp;T00003125</td></tr><tr><td><strong>Marka</strong></td><td>:&nbsp;<a href=\"https://www.toyzzshop.com/marka/anatolian/3942\">Anatolian</a></td></tr><tr><td><strong>Üretim Yeri</strong></td><td>:&nbsp;Çin</td></tr><tr><td><strong>Yaş Aralığı</strong></td><td>:&nbsp;14 yaş ve üzeri</td></tr><tr><td><strong>Cinsiyet</strong></td><td>:&nbsp;Unisex</td></tr><tr><td><strong>Barkod</strong></td><td>:&nbsp;8698543131255</td></tr></tbody></table></figure><p>Kız Kulesi manzarası 1000 parça Kız Kulesi puzzle ile artık evinizde!</p><p>Bitmiş puzzle boyutu: 66 x 48 cm.<br>Kutu ölçüsü: 36 x 25 x 5 cm.<br>Model numarası: 3125<br>Parça sayısı: 1000</p><p>Puzzle’ın son parçasını tamamlamanın heyecanını yaşayın! Her bir puzzle parçası tektir, kalitelidir ve mükemmel bir şekilde yerine oturmaktadır.</p><p>Puzzle kişinin tek bir noktaya konsantre olup günün yorgunluğunu atabilmesi için çok keyifli bir uğraştır. Hafızayı ve görsel zekayı geliştirmesi açısından beyin fonksiyonlarına katkı sağlamaktadır. En beğendiğiniz resimlerle bu kadar yakınlaşmak dışında onları çerçevelemek, sadece kendi duvarlarınıza değil, sevdiklerinize hediye etmek de ayrıca keyiflidir.</p><p>Anatolian puzzle kayıp parça desteği için; <a href=\"http://www.anatolian.com.tr/\">www.anatolian.com.tr</a>&nbsp;web sitesine girerek kayıp parça bölümünden çıkan formu doldurup talep de bulunabilirsiniz. Formda istenen bilgiler; isim soy isim, adres, İlgili ürünün kodu, &nbsp;kalıp kodu (bu kod ürün içi stant üzerinde yazar) ve kayıp parça/parçaların koordinatları (Soldan sağa A, Yukarıdan aşağı B diye tanımlanır). Yapılan talep ilgili firmaya iletildikten sonra tüketiciye Anatolian puzzle tarafından ücretsiz olarak kargolanır.</p><p>Tüm kredi kartlarına taksit ve aynı gün kargo avantajlarıyla satın alabilirsiniz.</p>','a939df8229655298be0bbda6d62ad43f.jpeg',7,'True',NULL,'2019-01-22 09:19:22','2019-01-22 09:21:01'),(33,'YavruKediler1000ParçaPuzzle','1000ParçaPuzzle','1000 Parça Puzzle : Yavru Kediler',103,25,35,NULL,'<figure class=\"table\"><table><tbody><tr><td><strong>Ürün Kodu</strong></td><td>:&nbsp;T00003158</td></tr><tr><td><strong>Marka</strong></td><td>:&nbsp;<a href=\"https://www.toyzzshop.com/marka/anatolian/3942\">Anatolian</a></td></tr><tr><td><strong>Üretim Yeri</strong></td><td>:&nbsp;Çin</td></tr><tr><td><strong>Yaş Aralığı</strong></td><td>:&nbsp;14 yaş ve üzeri</td></tr><tr><td><strong>Cinsiyet</strong></td><td>:&nbsp;Unisex</td></tr><tr><td><strong>Barkod</strong></td><td>:&nbsp;8698543131583</td></tr></tbody></table></figure><p>Puzzle severler için sevimli hayvanlar temalı 1000 parça Yavru Kediler puzzle sizlerle!</p><p>Bitmiş puzzle boyutu: 66 x 48 cm.<br>Kutu ölçüsü: 36 x 25 x 5 cm.<br>Model numarası: 3158<br>Parça sayısı: 1000</p><p>Puzzle\'ın son parçasını tamamlamanın heyecanını yaşayın! Her bir puzzle parçası tektir, kalitelidir ve mükemmel bir şekilde yerine oturmaktadır.</p><p>Puzzle kişinin tek bir noktaya konsantre olup günün yorgunluğunu atabilmesi için çok keyifli bir uğraştır. Hafızayı ve görsel zekayı geliştirmesi açısından beyin fonksiyonlarına katkı sağlamaktadır. En beğendiğiniz resimlerle bu kadar yakınlaşmak dışında onları çerçevelemek, sadece kendi duvarlarınıza değil, sevdiklerinize hediye etmek de ayrıca keyiflidir.</p><p>Anatolian puzzle kayıp parça desteği için; <a href=\"http://www.anatolian.com.tr/\">www.anatolian.com.tr</a>&nbsp;web sitesine girerek kayıp parça bölümünden çıkan formu doldurup talep de bulunabilirsiniz. Formda istenen bilgiler; isim soy isim, adres, İlgili ürünün kodu, &nbsp;kalıp kodu (bu kod ürün içi stant üzerinde yazar) ve kayıp parça/parçaların koordinatları (Soldan sağa A, Yukarıdan aşağı B diye tanımlanır). Yapılan talep ilgili firmaya iletildikten sonra tüketiciye Anatolian puzzle tarafından ücretsiz olarak kargolanır.</p><p>Tüm kredi kartlarına taksit ve aynı gün kargo avantajlarıyla satın alabilirsiniz.</p>','80e76e1c1fcf00c90aeb36eebe7d8cdf.jpeg',7,'True',NULL,'2019-01-22 09:22:35','2019-01-22 09:23:35'),(34,'SurpassSporUzaktanKumandalıAraba','UzaktanKumandalıAraba','Uzaktan Kumandalı Surpass Spor Araba',589,35,50,NULL,'<figure class=\"table\"><table><tbody><tr><td><strong>Ürün Kodu</strong></td><td>:&nbsp;T00089727</td></tr><tr><td><strong>Marka</strong></td><td>:&nbsp;<a href=\"https://www.toyzzshop.com/marka/oem/4000\">Oem</a></td></tr><tr><td><strong>Üretim Yeri</strong></td><td>:&nbsp;Çin</td></tr><tr><td><strong>Yaş Aralığı</strong></td><td>:&nbsp;3 yaş ve üzeri</td></tr><tr><td><strong>Cinsiyet</strong></td><td>:&nbsp;Erkek</td></tr><tr><td><strong>Barkod</strong></td><td>:&nbsp;8698568897273</td></tr></tbody></table></figure><p><a href=\"https://www.toyzzshop.com/oyuncak-araba/kumandali-arabalar#!/\"><strong>Uzaktan Kumandalı</strong></a> Şarjlı Surpass Spor Araba’nın 1:18 oranında küçülmüş modeliyle sizlerle!</p><p>Full fonksiyonlu (ileri-geri, sağ-sol), şarjlı, kaliteli yapı, güçlü çekim gücüne sahip kumanda ve muhteşem detaylara sahip gerçekçi görünüm özelliklerine sahiptir.</p><p>Spor araba hayranları bu canlı renklere ve ayrıntılı tasarıma sahip 19 cm. uzunluğundaki Surpass arabayı çok sevecekler!</p><p>Serinin; turuncu, mavi, kırmızı ve beyaz renkte spor araba olmak üzere 4 farklı modeli bulunmaktadır.</p><p>Araç: 3.6V şarjlı pil ile çalışmaktadır.</p><p>Şarjlı pil ve USB şarj aleti kutunun içerisindedir.</p><p>Kumanda: 2 x AA pil ile çalışmaktadır. Piller kutuya dahil değildir.</p><p>Kutu ölçüsü: 28 x 12 x 9,5 cm.</p><p>Tüm kredi kartlarına taksit ve aynı gün kargo avantajlarıyla satın alabilirsiniz.</p>','71ff9814d05e3a782c4c5de0f843e28e.jpeg',12,'True',NULL,'2019-01-22 09:26:20','2019-01-22 09:29:05'),(35,'DönüşenArabaUzaktanKumandalı','UzaktanKumandalıAraba','PaganiZondaR Uzaktan Kumandalı Dönüşen Araba',130,400,420,NULL,'<figure class=\"table\"><table><tbody><tr><td><strong>Ürün Kodu</strong></td><td>:&nbsp;S00074620</td></tr><tr><td><strong>Marka</strong></td><td>:&nbsp;<a href=\"https://www.toyzzshop.com/marka/rastar/4119\">Rastar</a></td></tr><tr><td><strong>Üretim Yeri</strong></td><td>:&nbsp;Çin</td></tr><tr><td><strong>Yaş Aralığı</strong></td><td>:&nbsp;3 yaş ve üzeri</td></tr><tr><td><strong>Cinsiyet</strong></td><td>:&nbsp;Erkek</td></tr><tr><td><strong>Barkod</strong></td><td>:&nbsp;6930751311954</td></tr></tbody></table></figure><p>1:14 Pagani Zonda R <a href=\"https://www.toyzzshop.com/oyuncak-araba/kumandali-arabalar#!/\"><strong>Uzaktan Kumandalı</strong></a> Dönüşen Araba ile macera dolu dakikalar sizleri bekliyor!</p><p>Hem araba hem robot ikisi bir arada! Üstelik tek tuşla kolayca Yol Savaşçısına dönüşebiliyor. Robottan araca, araçtan robota moduna dönüştürmek hiç bu kadar eğlenceli olmamıştı!</p><p>Uzaktan kumandanın; ful fonksiyon (ileri-geri, sağ-sol), demo ve dönüştürme gibi özellikli fonksiyonları bulunmaktadır.</p><p>Dönüşebilen araba 2,4 GHz frekansa sahiptir.</p><p>Serinin; beyaz, mor, sarı ve siyah renkte olmak üzere 4 farklı modeli bulunmaktadır.</p><p>Kutu içerisinde; 1 adet dönüşebilen araba, uzaktan kumandası ve Türkçe kullanım kılavuzu yer almaktadır.</p><p>Araba: 4 x 1,5V AA pil ile çalışmaktadır.</p><p>Kumanda: 3 x 1,5V AAA pil ile çalışmaktadır.</p><p>Piller kutuya dahil değildir.</p><p>Kutu ölçüsü: 34,6 x 20,1 x 38,7 cm.</p><p>Tüm kredi kartlarına taksit ve aynı gün kargo avantajlarıyla satın alabilirsiniz.</p>','63c98d05478f2a099fc38e9e1fe453d2.jpeg',12,'True',NULL,'2019-01-22 09:31:19','2019-01-22 09:32:09'),(36,'DuneRebelUzaktanKumandalıAraba','UzaktanKumandalıAraba','Uzaktan Kumandalı Dune Rebel Araba',268,200,230,NULL,'<figure class=\"table\"><table><tbody><tr><td><strong>Ürün Kodu</strong></td><td>:&nbsp;S01001272</td></tr><tr><td><strong>Marka</strong></td><td>:&nbsp;<a href=\"https://www.toyzzshop.com/marka/new-bright/3639\">New Bright</a></td></tr><tr><td><strong>Üretim Yeri</strong></td><td>:&nbsp;Çin</td></tr><tr><td><strong>Yaş Aralığı</strong></td><td>:&nbsp;6 yaş ve üzeri</td></tr><tr><td><strong>Cinsiyet</strong></td><td>:&nbsp;Erkek</td></tr><tr><td><strong>Barkod</strong></td><td>:&nbsp;050211012729</td></tr></tbody></table></figure><p><a href=\"https://www.toyzzshop.com/oyuncak-araba/kumandali-arabalar#!/\"><strong>Uzaktan Kumandalı</strong></a> Dune Rebel arabanın 1:12 oranında küçülmüş modeli ile sizlerle!</p><p>Full fonksiyonlu (ileri-geri,sağ-sol), uzaktan kumandalı, büyük tekerlekli, güçlü kumanda menzili ve kaliteli tasarım özellikleri bulunmaktadır. Macera sevenler bu uzaktan kumandalı Dune Rebel araç ile eğlenceli dakikalar geçirecekler!</p><p>37 cm. uzunluğundaki uzaktan kumandalı aracın 40 MHz ve 27 MHz olarak 2 farklı radyo frekansa sahiptir.</p><p>Serinin; turuncu ve mavi renkte olmak üzere 2 farklı modeli bulunmaktadır.</p><p>Kutu içerisinde; 1 adet Dune Rebel Araba, uzaktan kumandası ve Türkçe kullanım kılavuzu yer almaktadır.</p><p>Kumanda çekim mesafesi: 30 metre</p><p>Araç: 5 x 1,5V AA pil ile çalışmaktadır.</p><p>Kumanda 2 x 1,5V AA pil ile çalışmaktadır.</p><p>Piller kutuya dahil değildir.</p><p>Kutu Ölçüsü: 45,1 x 24,2 x 24,2 cm.</p><p>Tüm kredi kartlarına taksit ve aynı gün kargo avantajlarıyla satın alabilirsiniz.</p>','082258de405c47334f3d0f7a467e3f70.jpeg',12,'True',NULL,'2019-01-22 09:34:13','2019-01-22 09:34:27'),(37,'BetonMikserUzaktanKumandasızAraba','UzaktanKumandasızAraba','Bruder Scania R-Serisi Beton Mikser',412,300,326,NULL,'<figure class=\"table\"><table><tbody><tr><td><strong>Ürün Kodu</strong></td><td>:&nbsp;T03003554</td></tr><tr><td><strong>Marka</strong></td><td>:&nbsp;<a href=\"https://www.toyzzshop.com/marka/bruder/4357\">Bruder</a></td></tr><tr><td><strong>Üretim Yeri</strong></td><td>:&nbsp;Almanya</td></tr><tr><td><strong>Yaş Aralığı</strong></td><td>:&nbsp;3 yaş ve üzeri</td></tr><tr><td><strong>Cinsiyet</strong></td><td>:&nbsp;Erkek</td></tr><tr><td><strong>Barkod</strong></td><td>:&nbsp;4001702035549</td></tr></tbody></table></figure><p>1:16 Bruder Scania R-Serisi Beton Mikser ile çocuklar eğlenceli dakikalar geçirecekler!</p><p>Aracın arka kısmına kum ve su koyduktan sonra deponun üzerindeki kırmızı kolu çevirdiğiniz takdirde karıştırıcı dönerek kumu ve suyu karıştırıp içindeki kanallar sayesinde harcı dışarı akıtabiliyor.</p><p>Beton mikserin şoför mahalli öne eğilerek motor bloğu görülebilir. Yumuşak kauçuktan lastikler, hareketli parçaları ve ayrıntılı tasarıma sahip beton mikseri ile çocuklar kendi inşaat sahalarını kurabilecekler.</p><p>Bruder Oyuncaklar gerçek araçlara bağlı kalınarak ölçekleri küçültülmüş orjinal lisanslı ürünlerdir. Ürünler Avrupa\'da üretilmektedir.</p><p>Ölçüler: 57,5 x 18,5 x 27,3 cm.</p><p>Tüm kredi kartlarına taksit ve aynı gün kargo avantajlarıyla satın alabilirsiniz.</p>','1bee37ef1d8ee0a20df672b481ba7ee5.jpeg',13,'True',NULL,'2019-01-22 09:38:26','2019-01-22 09:39:04'),(38,'DamperliKamyonUzaktanKumandasızAraba','UzaktanKumandasızAraba','Bruder Mack Granite Damperli Kamyon',569,320,347,NULL,'<figure class=\"table\"><table><tbody><tr><td><strong>Ürün Kodu</strong></td><td>:&nbsp;T02002823</td></tr><tr><td><strong>Marka</strong></td><td>:&nbsp;<a href=\"https://www.toyzzshop.com/marka/bruder/4357\">Bruder</a></td></tr><tr><td><strong>Üretim Yeri</strong></td><td>:&nbsp;Almanya</td></tr><tr><td><strong>Yaş Aralığı</strong></td><td>:&nbsp;3 yaş ve üzeri</td></tr><tr><td><strong>Cinsiyet</strong></td><td>:&nbsp;Erkek</td></tr><tr><td><strong>Barkod</strong></td><td>:&nbsp;4001702028237</td></tr></tbody></table></figure><p>1:16 Bruder Mack Granite Damperli Kamyon ile çocuklar eğlenceli dakikalar geçirecekler!</p><p>Mack Granite damperli kamyon açılabilen kapıları ve sürücü kabini dışında sayısız detaya sahip. Katlanabilir yan aynalar, açılabilir motor kapağı bunlardan sadece birkaçı…</p><p>Yarım boru şekli yükleme yaparken yükün her zaman ortada birikmesini sağlamaktadır. Böylece yükleme ve boşaltım yaparken kolaylık sağlamaktadır.</p><p>3 kademeli kaldıracı ve kilitlenebilir arka kapağı sayesinde oynamak için daha çok seçenek sunuyor.</p><p>Bruder Oyuncaklar gerçek araçlara bağlı kalınarak ölçekleri küçültülmüş orjinal lisanslı ürünlerdir. Ürünler Avrupa\'da üretilmektedir.</p><p>Ölçüler: 57,5 x 18,5 x 27,3 cm.</p><p>Tüm kredi kartlarına taksit ve aynı gün kargo avantajlarıyla satın alabilirsiniz.</p>','9b6d1ac51efe100adeddac391cc56fc4.jpeg',13,'True',NULL,'2019-01-22 09:40:49','2019-01-22 09:41:39'),(39,'IşıklıUzaktanKumandalıAraba','UzaktanKumandalıAraba','FordGT Uzaktan Kumandalı Işıklı Araba',230,270,300,NULL,'<figure class=\"table\"><table><tbody><tr><td><strong>Ürün Kodu</strong></td><td>:&nbsp;S00078100</td></tr><tr><td><strong>Marka</strong></td><td>:&nbsp;<a href=\"https://www.toyzzshop.com/marka/rastar/4119\">Rastar</a></td></tr><tr><td><strong>Üretim Yeri</strong></td><td>:&nbsp;Çin</td></tr><tr><td><strong>Yaş Aralığı</strong></td><td>:&nbsp;3 yaş ve üzeri</td></tr><tr><td><strong>Cinsiyet</strong></td><td>:&nbsp;Erkek</td></tr><tr><td><strong>Barkod</strong></td><td>:&nbsp;6930751314108</td></tr></tbody></table></figure><p><a href=\"https://www.toyzzshop.com/oyuncak-araba/kumandali-arabalar#!/\"><strong>Uzaktan Kumandalı</strong></a> Ford GT model arabanın 1:14 oranında küçülmüş modeli ile sizlerle!</p><p>32 cm. uzunluğundaki Ford GT araba full fonksiyonlu, açılabilen kapılar ve ışık efektli özelliklere sahiptir. Gerçeğiyle neredeyse aynı olan model; kauçuk lastikler, detaylı jantlar ve bağımsız süspansiyon sistemi ile donatılmıştır.</p><p>Kutu içerisinde; Ford GT araba, uzaktan kumandası ve Türkçe kullanım kılavuzu yer almaktadır.</p><p>Ford GT araba 27.145 MHz frekansa sahiptir.</p><p>Çocuklarınızın motor becerilerinin, hayal güçlerini, hareket ve beceri koordinasyonunun gelişmesine katkı sağlar.</p><p>Araba: 5 x 1,5V AA pil ile çalışmaktadır.</p><p>Kumanda: 2 x 1,5V AA pil ile çalışmaktadır.</p><p>Piller kutuya dahil değildir.</p><p>Kutu ölçüsü: 43,5 x 25,5 x 17,7 cm.</p><p>Tüm kredi kartlarına taksit ve aynı gün kargo avantajlarıyla satın alabilirsiniz.</p>','38f6f663a7aa5c288627328768fcc4ec.jpeg',12,'True',NULL,'2019-01-22 09:44:30','2019-01-22 09:45:17'),(40,'HummerUzaktanKumandalıAraba','UzaktanKumandalıAraba','Uzaktan Kumandalı Hummer H3 Araba',263,310,330,NULL,'<figure class=\"table\"><table><tbody><tr><td><strong>Ürün Kodu</strong></td><td>:&nbsp;S01001078</td></tr><tr><td><strong>Marka</strong></td><td>:&nbsp;<a href=\"https://www.toyzzshop.com/marka/new-bright/3639\">New Bright</a></td></tr><tr><td><strong>Üretim Yeri</strong></td><td>:&nbsp;Çin</td></tr><tr><td><strong>Yaş Aralığı</strong></td><td>:&nbsp;6 yaş ve üzeri</td></tr><tr><td><strong>Cinsiyet</strong></td><td>:&nbsp;Erkek</td></tr><tr><td><strong>Barkod</strong></td><td>:&nbsp;050211010787</td></tr></tbody></table></figure><p><a href=\"https://www.toyzzshop.com/oyuncak-araba/kumandali-arabalar#!/\"><strong>Uzaktan kumandalı</strong></a> Hummer H3 Araba\'nın 1:10 ölçeğinde küçülmüş modeli ile macera dolu yolculuğa hazır olun!</p><p>Daha gerçekçi görünmesi için büyük tekerlekler, full fonksiyonlu(ileri-geri, sağ-sol), güçlü uzaktan kumanda frkeans çekimi,&nbsp;sarı renkli, üstü metal kaplamalı ve gerçekçi tasarım özelliklerine sahiptir.</p><p>42 cm. uzunluğundaki araç 27 MHz frekansa sahiptir.</p><p>Kumanda çekim mesafesi 30 metreye kadardır.</p><p>Çocuklarınızın motor becerilerinin, hayal güçlerini, hareket ve beceri koordinasyonunun gelişmesine katkı sağlar.</p><p>Araba: 5 x 1,5V AA pil ile çalışmaktadır.</p><p>Kumanda: 2 x 1,5V AA pil ile çalışmaktadır.</p><p>Piller kutuya dahil değildir.</p><p>Kutu İçerisinde; uzaktan kumandası, Hummer H3 Araç ve Türkçe kullanım klavuzu bulunmaktadır.</p><p>Kutu ölçüsü: 57 x 27 x 30,2 cm.</p><p>Tüm kredi kartlarına taksit ve aynı gün kargo avantajlarıyla satın alabilirsiniz.</p>','cfae358784c2e8e8382d126e8ccca2a8.jpeg',12,'True',NULL,'2019-01-22 09:47:29','2019-01-22 09:48:10'),(41,'SesliveIşıklıAmbulansAraba','UzaktanKumandasızAraba','Teamsterz Sesli ve Işıklı Ambulans',356,150,170,NULL,'<figure class=\"table\"><table><tbody><tr><td><strong>Ürün Kodu</strong></td><td>:&nbsp;S00066981</td></tr><tr><td><strong>Marka</strong></td><td>:&nbsp;<a href=\"https://www.toyzzshop.com/marka/teamsterz/4330\">Teamsterz</a></td></tr><tr><td><strong>Üretim Yeri</strong></td><td>:&nbsp;</td></tr><tr><td><strong>Yaş Aralığı</strong></td><td>:&nbsp;3 yaş ve üzeri</td></tr><tr><td><strong>Cinsiyet</strong></td><td>:&nbsp;Erkek</td></tr><tr><td><strong>Barkod</strong></td><td>:&nbsp;5050841669817</td></tr></tbody></table></figure><p>Çocuklar kendilerini gerçek bir kahraman gibi hissedecekler!</p><ul><li>36 cm. uzunluğundaki sesli ve ışıklı Teamsterz Ambulans; açılabilir bagaj bölmesine ve ayrıntılı iç mekan detaylara sahiptir. Her koşulda yardıma hazırdır.</li><li>Çocuklar bu gerçekçi detaylara sahip araçlar ile ister tek başına ister arkadaşlarıyla eğlenceli oyunlar oynayacaklar.</li><li>3 yaş ve üzeri kullanıma uygun olan toplu taşıma araçlarına çocuklar bayılacak.</li><li>Çocukların; el-göz koordinasyonlarını, yaratıcılıklarını, odaklanma, el becerileri ve hayal güçlerinin gelişmesine yardımcı olmaktadır.</li><li>3 x 1,5V AAA Pil ile çalımaktadır. Piller kutuya dahildir.</li><li>Kutu Ölçüsü; 42 x 15 x 21,5 cm.</li></ul><p>Tüm kredi kartlarına taksit ve aynı gün kargo avantajlarıyla satın alabilirsiniz.</p>','fef4b6b0f50dba5ae3fc442e15ba4b85.jpeg',13,'True',NULL,'2019-01-22 12:13:16','2019-01-22 12:14:11'),(42,'KabloKumandalıVinçOyunSeti','UzaktanKumandasızAraba','Kablo Kumandalı Mega Vinç Oyun Seti',350,NULL,330,NULL,'<figure class=\"table\"><table><tbody><tr><td><strong>Ürün Kodu</strong></td><td>:&nbsp;S01012125</td></tr><tr><td><strong>Marka</strong></td><td>:&nbsp;<a href=\"https://www.toyzzshop.com/marka/new-bright/3639\">New Bright</a></td></tr><tr><td><strong>Üretim Yeri</strong></td><td>:&nbsp;Çin</td></tr><tr><td><strong>Yaş Aralığı</strong></td><td>:&nbsp;6 yaş ve üzeri</td></tr><tr><td><strong>Cinsiyet</strong></td><td>:&nbsp;Erkek</td></tr><tr><td><strong>Barkod</strong></td><td>:&nbsp;050211121254</td></tr></tbody></table></figure><p>Kablo Kumandalı Mega Vinç Seti ile gerçekçi oyun deneyimine hazır olun!</p><ul><li>Set içerisindeki aksesuarlar ile vinç istasyonunuzu kurun ve eğlenceli oyunlara başlayın! Üstelik set içerisindeki kamyonu elle sürterek de hareket ettirebilirsiniz.</li><li>60 cm. uzunluğundaki vincin yüksekliğini ayarlayabilir ve üzerine set içerisindeki ağırlıkları yükleyerek oyunu daha gerçekçi hale getirebilirsiniz.</li><li>Kutu içerisinde; vinç, kamyon, kablo kumanda, ağırlık, ağırlık yükleyici ve Türkçe kullanım kılavuzu yer almaktadır.</li><li>Kumanda: 4 x 1,5V AA pil ile çalışmaktadır. Piller kutuya dahil değildir.</li><li>Kutu ölçüsü: 43,2 x 20,5 x 68,5 cm.</li></ul><p>Tüm kredi kartlarına taksit ve aynı gün kargo avantajlarıyla satın alabilirsiniz.</p>','b9bcc4220bf80bead22f3e43f111fe28.jpeg',13,'True',NULL,'2019-01-22 12:16:25','2019-01-22 12:17:02'),(43,'FenerliKamyonUzaktanKumandasız','UzaktanKumandasızAraba','Cat Fenerli Kamyon',423,115,135,NULL,'<figure class=\"table\"><table><tbody><tr><td><strong>Ürün Kodu</strong></td><td>:&nbsp;T00080512</td></tr><tr><td><strong>Marka</strong></td><td>:&nbsp;<a href=\"https://www.toyzzshop.com/marka/cat/4273\">CAT</a></td></tr><tr><td><strong>Üretim Yeri</strong></td><td>:&nbsp;Çin</td></tr><tr><td><strong>Yaş Aralığı</strong></td><td>:&nbsp;3 - 9</td></tr><tr><td><strong>Cinsiyet</strong></td><td>:&nbsp;Erkek</td></tr><tr><td><strong>Barkod</strong></td><td>:&nbsp;011543805120</td></tr></tbody></table></figure><p><a href=\"https://www.toyzzshop.com/oyun-setleri/erkek-oyun-setleri#!/brand/4273\"><strong>Cat</strong></a> Fenerli Kamyon ile çocuklar küçük yaşta mühendis oluyor!</p><p>Flash ışıklı, eğlenceli vokal ifadeleri, hareket kabiliyeti, ses ve karanlıktaki farklı ışık efektlerine sahip &nbsp;bu Cat Kamyon size mükemmel bir oyun deneyimi yaşatmaya hazır!</p><p>Eğlenceli tasarıma sahip bu Fenerli Cat Kamyon’un lastikleri yumuşak kauçuktan üretilmiştir.</p><p>Çocukların; el-göz koordinasyonlarını, ince motor becerilerini, görsel algılarını, arkadaşlarıyla oyunlar oynayarak sosyalleşmelerini, yaratıcılık ve hayal güçlerinin gelişmesine yardımcı olmaktadır.</p><p>3 x AA/LR6&nbsp; pil ile çalışmaktadır. Piller kutuya dahildir.</p><p>Kutu ölçüsü:&nbsp;23 x 20 x 14,5 cm.</p><p>Tüm kredi kartlarına taksit ve aynı gün kargo avantajlarıyla satın alabilirsiniz.</p>','298c9eed150cb115d764b43e1ee07fcc.jpeg',13,'True',NULL,'2019-01-22 12:22:18','2019-01-22 12:24:18');

#
# Structure for table "setting"
#

DROP TABLE IF EXISTS `setting`;
CREATE TABLE `setting` (
  `id` int(11) NOT NULL AUTO_INCREMENT,
  `title` varchar(100) COLLATE utf8mb4_unicode_ci DEFAULT NULL,
  `description` varchar(255) COLLATE utf8mb4_unicode_ci DEFAULT NULL,
  `keywords` varchar(255) COLLATE utf8mb4_unicode_ci DEFAULT NULL,
  `company` varchar(255) COLLATE utf8mb4_unicode_ci DEFAULT NULL,
  `address` varchar(255) COLLATE utf8mb4_unicode_ci DEFAULT NULL,
  `fax` varchar(15) COLLATE utf8mb4_unicode_ci DEFAULT NULL,
  `phone` varchar(15) COLLATE utf8mb4_unicode_ci DEFAULT NULL,
  `email` varchar(50) COLLATE utf8mb4_unicode_ci DEFAULT NULL,
  `smtpserver` varchar(100) COLLATE utf8mb4_unicode_ci DEFAULT NULL,
  `smtpemail` varchar(50) COLLATE utf8mb4_unicode_ci DEFAULT NULL,
  `smtppassword` varchar(20) COLLATE utf8mb4_unicode_ci DEFAULT NULL,
  `smtpport` int(11) DEFAULT NULL,
  `aboutus` longtext COLLATE utf8mb4_unicode_ci,
  `contact` longtext COLLATE utf8mb4_unicode_ci,
  `reference` longtext COLLATE utf8mb4_unicode_ci,
  `status` varchar(10) COLLATE utf8mb4_unicode_ci DEFAULT NULL,
  PRIMARY KEY (`id`)
) ENGINE=InnoDB AUTO_INCREMENT=2 DEFAULT CHARSET=utf8mb4 COLLATE=utf8mb4_unicode_ci;

#
# Data for table "setting"
#

INSERT INTO `setting` VALUES (1,'Online Oyuncak Alışveriş Sitesi',NULL,'deneme anahtar kelime',NULL,NULL,NULL,NULL,NULL,'smtp.gmail.com','deneme@gmail.com','1234',587,'<h2><i><strong>Adore Oyuncak Hakkında</strong></i></h2><p>Adore Oyuncak olarak 1996\'dan bu yana çocuklara ve içindeki çocuğu hiç kaybetmeyenlere hizmet veriyoruz. Müşterilerimizi dünyanın en ünlü eğitici oyuncaklarıyla buluşturuyoruz. Her biri kendi konusunda dünya lideri olan markaların Türkiye\'deki tek satış temsilcisiyiz. Lego, Rainbow (Winx Club, Poppixie), Ravensburger, Revell, Bandai (Ben 10, Harumika ve Tamagotchi), Epoch (Sylvanian Families) ve TOMY ile hem çocuk gelişimine onları eğlendirirken katkı sağlıyoruz hem de çalışanlarımıza kendilerini mutlu hissedecekleri, eğlenceli ve renkli bir dünya sunuyoruz.</p><p><strong>LEGO :</strong></p><h3>&nbsp;</h3><p>Çocuğun yaratıcılığını, hayalgücünü ve el becerilerini geliştiren yapı oyuncakları.&nbsp;<br><a href=\"http://www.lego.com/\"><i>www.lego.com</i></a></p><p><strong>Winx Club:</strong></p><h3>&nbsp;</h3><p>Dünya çapında 50\'den fazla ülkede dağıtılan ve model bebekler arasında ilk sıralarda yer alan Winx Club’ın yepyeni 5. Sezon oyuncak bebekleri</p><p><strong>RAVENSBURGER :</strong></p><h3>&nbsp;</h3><p>Çocuk ve yetişkin puzzle\'ları , eğitici ve eğlendirici çocuk ve aile oyunları ile yetişkinlere yönelik strateji oyunları (bazı oyunlar tamamen Türkçe olarak üretilmektedir, ayrıca tüm oyunların Türkçe açıklamaları içerisinde yer almaktadır.)&nbsp;<br><a href=\"http://www.ravensburger.de/\"><i>www.ravensburger.de</i></a></p><p><strong>REVELL :</strong></p><h3>&nbsp;</h3><p>Yetişkinler için maket serileri ve aksesuarları, çocuklara yönelik ilk makete başlangıç kitleri... Dünyanın en iyi maket markalarından biri olan Revell, Türkiye\'de de çoğunluğun tercihi...&nbsp;<br><a href=\"http://www.revell.de/\"><i>www.revell.de</i></a></p><p><strong>BANDAI :</strong></p><h3>&nbsp;</h3><p>Oyuncak dünyasının efsaneleri Power Rangers, Pokemon, Tamagotchi ve Ben 10 serilerini çocuklarla buluşturan popüler marka...&nbsp;<br><a href=\"http://www.bandai.com/\"><i>www.bandai.com</i></a></p><p><strong>SYLVANIAN FAMILIES :</strong></p><h3>&nbsp;</h3><p>&nbsp;Sylvanian Families hayali bir ormanda yaşayan pek çok türdeki hayvanları içerir. Bu sevimli oyuncak koleksiyonu oyun esnasında bireysel yaratıcılık ve sonsuz hayal gücü sunar. Çekici ve çok güzel detaylar içeren evleri, mobilyaları ve aksesuarlarıyla çoçuklar kendi orijinal hikayelerini yaratabilirler.&nbsp;<br><a href=\"http://sylvanianfamilies.com.tr/\">sylvanianfamilies.com.tr</a></p><p><strong>TOMY :</strong></p><h3>&nbsp;</h3><p>TOMY okul öncesi ürünleri 90 yıldır tüm dünyada çocuklara eğlenceli oyun zamanı sunarken onların becerilerinin gelişimine yardımcı olur. TOMY ürünleri bebeğinizin doğumdan yürümeye başladığı döneme kadar onları mutlu ederken onların hareket etmelerini sağlar, duyularının ve el-göz koordinasyonlarının gelişmesini destekler. TOMY markasının altında Lamaze, Battroborg, Winnie The Pooh ve TOMY gibi birçok ürün bulunmaktadır.&nbsp;<br><a href=\"http://www.tomy.co.uk/\">www.tomy.co.uk</a></p>','<p><strong>MERKEZ OFİS</strong></p><h3>&nbsp;</h3><p><strong>ADORE OYUNCAK EĞİTİM ARAÇLARI SANAYİ TİCARET ANONİM ŞİRKETİ</strong></p><figure class=\"table\"><table><tbody><tr><td>Spring Giz Plaza Kat: 16&nbsp;</td></tr><tr><td>Maslak Meydan Sk. No:5</td></tr><tr><td>34485 Sarıyer/İSTANBUL</td></tr><tr><td>Telefon: 0212 286 07 48</td></tr><tr><td>Fax: 0212 286 08 52</td></tr></tbody></table></figure><p>&nbsp;</p><p><strong>Adore Oyuncak – İstinye Park Mağazası</strong></p><p>İstinye Park Alışveriş Merkezi Kat: -1 No: F213 Pınar mah. Katar Cad. No: 73 Sarıyer/İstanbul</p><p>Telefon: 0212 345 7041 / 0212 345 7041</p><p>&nbsp;</p><p><strong>Adore Oyuncak – Bağdat Caddesi Mağazası</strong></p><p>Erenköy Mah. Bağdat Cad. No 312/11, Kadıköy/İstanbul</p><p>Telefon: 0 216 369 78 84 / 0216 369 87 48</p><p>&nbsp;</p><p><strong>Adore Oyuncak- Kentpark Mağazası</strong></p><p>Kentpark Alışveriş Merkezi. Eskişehir yolu 7. Km No:164 Çankaya/Ankara</p><p>Telefon:0312 219 90 91 / 92</p><p>&nbsp;</p><p><strong>Adore Oyuncak - Mall of İstanbul Mağazası</strong></p><p>Mall of İstanbul Alışveriş Merkezi, İkitelli-2 Mahallesi, Ziya Gökalp Mah. Süleyman Demirel Cad. No:7 Zemin Kat 162A</p><p>İkitelli-Başakşehir/İstanbul</p><p>Telefon: 0212 777 81 14</p><p>&nbsp;</p>','<p>amsms</p><p>aşsklsm</p><p>sösös</p>','Aktif');

#
# Structure for table "shop_cart"
#

DROP TABLE IF EXISTS `shop_cart`;
CREATE TABLE `shop_cart` (
  `id` int(11) NOT NULL AUTO_INCREMENT,
  `userid` int(11) DEFAULT NULL,
  `productid` int(11) DEFAULT NULL,
  `quantity` int(11) DEFAULT NULL,
  PRIMARY KEY (`id`)
) ENGINE=InnoDB AUTO_INCREMENT=3 DEFAULT CHARSET=utf8mb4 COLLATE=utf8mb4_unicode_ci;

#
# Data for table "shop_cart"
#

INSERT INTO `shop_cart` VALUES (1,1,42,1);

#
# Structure for table "user"
#

DROP TABLE IF EXISTS `user`;
CREATE TABLE `user` (
  `id` int(11) NOT NULL AUTO_INCREMENT,
  `email` varchar(180) COLLATE utf8mb4_unicode_ci NOT NULL,
  `roles` varchar(50) COLLATE utf8mb4_unicode_ci DEFAULT NULL,
  `password` varchar(255) COLLATE utf8mb4_unicode_ci NOT NULL,
  `name` varchar(20) COLLATE utf8mb4_unicode_ci DEFAULT NULL,
  `status` varchar(10) COLLATE utf8mb4_unicode_ci DEFAULT NULL,
  `address` varchar(150) COLLATE utf8mb4_unicode_ci DEFAULT NULL,
  `phone` varchar(15) COLLATE utf8mb4_unicode_ci DEFAULT NULL,
  `city` varchar(20) COLLATE utf8mb4_unicode_ci DEFAULT NULL,
  PRIMARY KEY (`id`),
  UNIQUE KEY `UNIQ_8D93D649E7927C74` (`email`)
) ENGINE=InnoDB AUTO_INCREMENT=6 DEFAULT CHARSET=utf8mb4 COLLATE=utf8mb4_unicode_ci;

#
# Data for table "user"
#

INSERT INTO `user` VALUES (1,'tugce@gmail.com','ROLE_ADMIN','$2y$12$48i6GxOwdUiM/Ui4Sv4cC.X6H9QR5zRBifRcP.mePiNYlkrqq6PFy','Tuğçe Yılmaz','True','Prospect PI / Brooklyn ','+25689345','New York'),(2,'seda@gmail.com','ROLE_USER','$2y$12$48i6GxOwdUiM/Ui4Sv4cC.X6H9QR5zRBifRcP.mePiNYlkrqq6PFy','Seda Dede','True','Açelya Sokak / Sarıyer','+97643152','İstanbul'),(3,'kadir@gmail.com','ROLE_USER','$2y$12$48i6GxOwdUiM/Ui4Sv4cC.X6H9QR5zRBifRcP.mePiNYlkrqq6PFy','Kadir Baran','True','Okçu Sokak / Kızılay','+86295341','Ankara'),(4,'elif@gmail.com','ROLE_USER','$2y$12$48i6GxOwdUiM/Ui4Sv4cC.X6H9QR5zRBifRcP.mePiNYlkrqq6PFy','Elif Baş','True','Şimşek Sokak / Atakum','+63291548','Samsun'),(5,'tugrul@gmail.com','ROLE_USER','$2y$12$48i6GxOwdUiM/Ui4Sv4cC.X6H9QR5zRBifRcP.mePiNYlkrqq6PFy','Tuğrul Yılmaz','True','Gökyüzü Sokak / Biga','+96325846','Çanakkale');

#
# Structure for table "users"
#

DROP TABLE IF EXISTS `users`;
CREATE TABLE `users` (
  `id` int(11) NOT NULL AUTO_INCREMENT,
  `name` varchar(20) COLLATE utf8mb4_unicode_ci DEFAULT NULL,
  `email` varchar(50) COLLATE utf8mb4_unicode_ci DEFAULT NULL,
  `password` varchar(100) COLLATE utf8mb4_unicode_ci DEFAULT NULL,
  `type` varchar(10) COLLATE utf8mb4_unicode_ci DEFAULT NULL,
  `status` varchar(10) COLLATE utf8mb4_unicode_ci DEFAULT NULL,
  `created_at` datetime NOT NULL,
  `updated_at` datetime NOT NULL,
  PRIMARY KEY (`id`)
) ENGINE=InnoDB AUTO_INCREMENT=12 DEFAULT CHARSET=utf8mb4 COLLATE=utf8mb4_unicode_ci;

#
# Data for table "users"
#

INSERT INTO `users` VALUES (1,'Tuğçe Yılmaz','tugce@gmail.com','123','Admin','Aktif','2018-12-15 02:16:51','2018-12-16 20:03:17'),(2,'Elif Baş','elif@mynet.com','456','Üye','Aktif','2018-12-15 02:17:19','2018-12-16 20:03:10'),(3,'Mete Baran','mete@gmail.com','dvs','Muhasebeci','Aktif','2018-12-15 16:55:21','2018-12-16 20:02:37'),(4,'Kadir Baran','kadir@gmail.com','123','Kargocu','Aktif','2018-12-16 15:49:40','0000-00-00 00:00:00'),(11,'Ayşe Sevdi','aysese@gmail.com','123','Üye','Aktif','2018-12-16 20:36:55','0000-00-00 00:00:00');
